S.no,Tiktoker name,Tiktok name,Subscribers,Subscribers,Views avg.,Views avg.,Likes avg.,Likes avg.,Comments avg.,Comments avg.,Shares avg.,Shares avg.
1,jypestraykids,Stray Kids,13.8M,13800000,6.4M,6400000,2.3M,2300000,50.2K,50200,34.2K,34200
2,khaby.lame,Khabane lame,149.2M,149200000,17.3M,17300000,2.3M,2300000,15.2K,15200,8.7K,8700
3,scarlettsspam2,scarlett,2.1M,2100000,17.9M,17900000,845.8K,845800,53.9K,53900,6.3K,6300
4,addisonre,Addison Rae,88.7M,88700000,22M,22000000,906.6K,906600,7.6K,7600,26.2K,26200
5,belindatok,Belinda,4.8M,4800000,14.2M,14200000,1.5M,1500000,14.5K,14500,15.3K,15300
6,onwardwanna,Wannaü•ä,7.5M,7500000,12M,12000000,2M,2000000,20.4K,20400,4.2K,4200
7,therock,The Rock,55.4M,55400000,13.1M,13100000,1.5M,1500000,14.3K,14300,11.9K,11900
8,bizarrap,bzrp,5.8M,5800000,16.2M,16200000,2.7M,2700000,4.2K,4200,6.9K,6900
9,landonbarkerr,Landon Barker,3.8M,3800000,11.7M,11700000,1.2M,1200000,19.1K,19100,15.2K,15200
10,mrbeast,MrBeast,42.2M,42200000,13M,13000000,1.7M,1700000,17.2K,17200,2.1K,2100
11,charlidamelio,charli d‚Äôamelio,146.2M,146200000,15.2M,15200000,959.4K,959400,20.8K,20800,4.6K,4600
12,amauryguichon,Amaury Guichon,14.5M,14500000,11.4M,11400000,1.5M,1500000,7.2K,7200,11.8K,11800
13,jetbentlee,Jet,3.9M,3900000,12.4M,12400000,2.2M,2200000,3.6K,3600,6.6K,6600
14,kervo.dolo,Kervo.dolo,10.3M,10300000,5.7M,5700000,1.3M,1300000,7.9K,7900,27.6K,27600
15,ttdramanews,TT Drama Layla,856.3K,856300,6.1M,6100000,1.1M,1100000,16.6K,16600,17.7K,17700
16,mishayoung,–ú–∏—à–∞ –ì–æ—Ä–æ–¥–µ—Ü–∫–∏–π üá∫üá¶,4M,4000000,10.8M,10800000,680K,680000,5.7K,5700,22.5K,22500
17,domelipa,domelipa,58.1M,58100000,10.4M,10400000,1.5M,1500000,9.1K,9100,3.5K,3500
18,kyliejenner,Kylie Jenner,47M,47000000,12.3M,12300000,1.9M,1900000,5.5K,5500,2.6K,2600
19,enhypen,enhypen,12.7M,12700000,4.3M,4300000,1.1M,1100000,24.8K,24800,14.3K,14300
20,kimberly.loaiza,Kimberly Loaiza,67.2M,67200000,8.8M,8800000,1.2M,1200000,12.1K,12100,4.3K,4300
21,ramonvitor,ramonvitor,8.7M,8700000,9.3M,9300000,1.9M,1900000,7.3K,7300,2.4K,2400
22,txt.bighitent,TOMORROW X TOGETHER,18.1M,18100000,3.8M,3800000,1.1M,1100000,27.4K,27400,9.5K,9500
23,emraynea,emraynea,1.1M,1100000,5.1M,5100000,1.4M,1400000,6.6K,6600,13.5K,13500
24,bp_tiktok,blackpinkofficial,31.2M,31200000,4.5M,4500000,839.6K,839600,13.9K,13900,22.2K,22200
25,mtarek.official3,Mohamed Tarek - ŸÖÿ≠ŸÖÿØ ÿ∑ÿßÿ±ŸÇ,1.3M,1300000,4.7M,4700000,864.2K,864200,21.9K,21900,8K,8000
26,zeth,Zeth,13M,13000000,8.5M,8500000,1.7M,1700000,2.2K,2200,6.2K,6200
27,kurtsworld,Kurt Kunkle,1.3M,1300000,4.9M,4900000,685.9K,685900,30.1K,30100,3.3K,3300
28,joshtgodfrey,Josh Godfrey,285.5K,285500,6.4M,6400000,587.6K,587600,12.8K,12800,16.3K,16300
29,justinflom,JustinFlom,6.1M,6100000,12.9M,12900000,789.2K,789200,4.5K,4500,6.2K,6200
30,williesalim,WILLIE SALIM,15.5M,15500000,8.1M,8100000,589.2K,589200,17.4K,17400,5.4K,5400
31,rosalia,La Rosalia,25.5M,25500000,14.2M,14200000,1.2M,1200000,3.3K,3300,2.6K,2600
32,birovr,Biro,3M,3000000,6.4M,6400000,760.9K,760900,6.1K,6100,14.3K,14300
33,kiet.ac.quy,Ki·ªát ·∫Æk W·ª∑,3.3M,3300000,5.2M,5200000,842.2K,842200,12.3K,12300,8.5K,8500
34,threedotcorey,corey,4.9M,4900000,6.3M,6300000,1.4M,1400000,2.9K,2900,7.1K,7100
35,iamferv,Fernanda,31.5M,31500000,6.6M,6600000,962.3K,962300,10K,10000,3.9K,3900
36,winnermaxyt,WinnerMax,4.5M,4500000,13.8M,13800000,1M,1000000,1.8K,1800,4.5K,4500
37,devankey,Devan Key,8M,8000000,6.9M,6900000,976.2K,976200,8.6K,8600,3.7K,3700
38,yunggravy,Yung Gravy üçØ,6.6M,6600000,9.5M,9500000,1.4M,1400000,3.5K,3500,2.7K,2700
39,siscakohl,Sisca Kohl,12.4M,12400000,9.2M,9200000,1.1M,1100000,6.2K,6200,1.8K,1800
40,lexibrookerivera,Lexi Rivera,23.2M,23200000,7.5M,7500000,992.5K,992500,8.5K,8500,1.8K,1800
41,leith1423,Leithal,1.1M,1100000,7.9M,7900000,1.3M,1300000,3.8K,3800,3.2K,3200
42,imeyhou,Meyden,3M,3000000,9M,9000000,799.5K,799500,8K,8000,1.6K,1600
43,b.blek,b.blek,2.6M,2600000,8M,8000000,616.7K,616700,6.4K,6400,7.4K,7400
44,mc.pedrinhoofc,Mc Pedrinho,5M,5000000,8.2M,8200000,1.2M,1200000,5K,5000,2K,2000
45,jennmelon,Jenn Melon,2.2M,2200000,5.5M,5500000,1.4M,1400000,3.8K,3800,4.9K,4900
46,nilered,NileRed,10.3M,10300000,6M,6000000,1M,1000000,4.4K,4400,6.3K,6300
47,zhangxi_acupuntura,doctor Zhang Xi,2.9M,2900000,7M,7000000,378.5K,378500,1.5K,1500,22.5K,22500
48,pongamoslo_a_prueba,Pong√°moslo a Prueba,36.7M,36700000,9.3M,9300000,1.6M,1600000,2.3K,2300,2K,2000
49,itsmacdoogle,ItsMacDoogle,1.8M,1800000,3.9M,3900000,685.9K,685900,10.1K,10100,13K,13000
50,jesusnalgas,jesus_nalgas,2.6M,2600000,5M,5000000,970.1K,970100,6K,6000,6K,6000
51,notemmamarie,Em,493.9K,493900,4.4M,4400000,775.2K,775200,9.1K,9100,6.7K,6700
52,daniel.labelle,Daniel LaBelle,27M,27000000,5.2M,5200000,816.8K,816800,3.8K,3800,8.4K,8400
53,conangray,conangray,6.4M,6400000,3.9M,3900000,1.1M,1100000,7K,7000,4.9K,4900
54,spencer_serafica,Xspencer,13.6M,13600000,5.2M,5200000,924.3K,924300,5.9K,5900,4K,4000
55,musikyotogsj,„ÅÜ„Åï„Å£„Åè„Åæ‚ô°Movie,1.2M,1200000,4.3M,4300000,192K,192000,1.8K,1800,55.9K,55900
56,ryanbakery,ùôçùôÆùôñùô£ùòΩùôñùô†ùôöùôßùôÆ,2.9M,2900000,5.4M,5400000,548.2K,548200,7.8K,7800,7.7K,7700
57,soyminisech,üêªüêªSECHITOüêªüêª,1.2M,1200000,6.5M,6500000,603.4K,603400,2K,2000,9.5K,9500
58,katya.ross,Katya Ross,293.3K,293300,2.8M,2800000,665.3K,665300,5.7K,5700,18.1K,18100
59,vinnyguadagnino,vinnyguadagnino,3.1M,3100000,5.1M,5100000,629.3K,629300,5.9K,5900,7.2K,7200
60,lelepons,Lele Pons,27.9M,27900000,12.2M,12200000,1M,1000000,1.5K,1500,1.7K,1700
61,mattsturniolo,Matt,3.2M,3200000,3.2M,3200000,812K,812000,10.9K,10900,4.6K,4600
62,rayssabuq,Rayssa Buq,7.2M,7200000,4.3M,4300000,775.3K,775300,7.9K,7900,4.1K,4100
63,charl1d4meli0,charlidamelio,64.6K,64600,5.4M,5400000,804K,804000,6.9K,6900,1.7K,1700
64,pkllipe,Pk,19M,19000000,4.8M,4800000,893.3K,893300,3K,3000,5.6K,5600
65,selenagomez,Selena Gomez,43.2M,43200000,5.2M,5200000,804.9K,804900,4.2K,4200,4.5K,4500
66,_.the.meme.hub._,RANDOM MEMES,2.3M,2300000,3.8M,3800000,787.7K,787700,2.9K,2900,9K,9000
67,lexibrookerivera,Lexi Rivera,23.4M,23400000,7.6M,7600000,870.6K,870600,3.1K,3100,1.8K,1800
68,bhadbhabie,bhadbhabie,6.3M,6300000,5.1M,5100000,899.5K,899500,3K,3000,4K,4000
69,acpitos,acpitos on ig üì∏,489.6K,489600,5.7M,5700000,858.8K,858800,3.5K,3500,3.1K,3100
70,sofiacarson,SofiaCarson,6.2M,6200000,5.7M,5700000,903.5K,903500,3.2K,3200,2.9K,2900
71,youngswagonoriginal,YoungSwagon,4.9M,4900000,5.1M,5100000,752.5K,752500,1.4K,1400,6.7K,6700
72,montpantoja,Montpantoja,35.7M,35700000,6.8M,6800000,1M,1000000,2.5K,2500,1.9K,1900
73,azzyland,Azzyland,4.6M,4600000,5.3M,5300000,774.2K,774200,7K,7000,462,462
74,soysuco,soysuco,12.5M,12500000,5.4M,5400000,570.5K,570500,8.7K,8700,1.1K,1100
75,bellapoarch,Bella Poarch,91.4M,91400000,7.4M,7400000,677.3K,677300,4.9K,4900,1.1K,1100
76,max7424453118,Max Taylor,2.8M,2800000,3.5M,3500000,572.6K,572600,5.2K,5200,9.5K,9500
77,jordanemel,Jordan e Mel,10.2M,10200000,4.4M,4400000,436.1K,436100,3K,3000,12.2K,12200
78,hannahstocking,Hannah Stocking,26.5M,26500000,7.8M,7800000,840.8K,840800,1.6K,1600,2.5K,2500
79,_xochitl.gomez,X√≥chitl G√≥mez,7.3M,7300000,7M,7000000,1.3M,1300000,26,26,2.9K,2900
80,rubentuestaok,Ruben Tuesta,21.3M,21300000,5.5M,5500000,802.3K,802300,1.6K,1600,4.4K,4400
81,charrliiieeee,Charlieee,5.1M,5100000,12M,12000000,470.2K,470200,1.7K,1700,2.9K,2900
82,kallmekris,Kris HC,46.3M,46300000,5.4M,5400000,936.6K,936600,3.4K,3400,1.5K,1500
83,dereklipp_,Derek Lipp,5.3M,5300000,3.1M,3100000,440.5K,440500,2.5K,2500,15.7K,15700
84,jaxwritessongs,Jax,11.7M,11700000,4.1M,4100000,683.5K,683500,5.4K,5400,3.2K,3200
85,calfreezy,Calfreezy,960.6K,960600,6.5M,6500000,869.1K,869100,1.7K,1700,2.4K,2400
86,loveofhuns,loveofhuns x,144.7K,144700,3.5M,3500000,382.4K,382400,8.3K,8300,8.9K,8900
87,lizzza,Liza Koshy,29.9M,29900000,4.9M,4900000,802.8K,802800,2.2K,2200,3.6K,3600
88,victormelo,Victor Melo,21.9M,21900000,4.5M,4500000,736.7K,736700,2.5K,2500,4.2K,4200
89,wisdm8,Wisdom Kaye,8.5M,8500000,4.6M,4600000,874.4K,874400,3.5K,3500,2K,2000
90,qpark,Q Park,33.6M,33600000,5M,5000000,415.3K,415300,3.9K,3900,6.6K,6600
91,_lilg4,LIL G,1.7M,1700000,4.4M,4400000,521.9K,521900,5.5K,5500,4K,4000
92,dylanmulvaney,Dylan Mulvaney,7.3M,7300000,3.8M,3800000,730.8K,730800,6.6K,6600,1.2K,1200
93,hafizmahamad,Hafiz Mahamad,1.1M,1100000,3M,3000000,325.1K,325100,14.4K,14400,7.5K,7500
94,oficialmarcuseni,marcus_eni,4.5M,4500000,2.2M,2200000,198.6K,198600,1.3K,1300,46K,46000
95,hola.margo,margo‚ú®,4.1M,4100000,6.7M,6700000,868.1K,868100,2.4K,2400,1.2K,1200
96,dhar.mann,Dhar Mann,14.3M,14300000,4.2M,4200000,528.1K,528100,6.9K,6900,2.4K,2400
97,mementoe,M√°t√© M√©h√©sz,3.6M,3600000,3.4M,3400000,588.5K,588500,4.4K,4400,5.8K,5800
98,kaelimaee,kaeli mae,10.6M,10600000,5.5M,5500000,733.8K,733800,1.5K,1500,3.5K,3500
99,paralympics,paralympics,2.5M,2500000,5.4M,5400000,467.8K,467800,1.8K,1800,6.3K,6300
100,ynchq,–Ø–Ω—á–∏–∫,6.4M,6400000,4.9M,4900000,660.1K,660100,2.7K,2700,3.5K,3500
101,connordewolfe,Connor DeWolfe,5.4M,5400000,3M,3000000,628.4K,628400,1.6K,1600,9K,9000
102,awildani13,NgebisOnline,77.2K,77200,3.7M,3700000,498.4K,498400,5.9K,5900,4.4K,4400
103,paansih16,gustian_magrib,1.1M,1100000,2.9M,2900000,230.5K,230500,1.2K,1200,27.7K,27700
104,otoha_danso,Èü≥ÁæΩ-otoha-,1.5M,1500000,3.4M,3400000,268K,268000,9.5K,9500,11.2K,11200
105,ivanlomelitv,Iv√°n Lomeli Travel Blogger,44K,44000,2.4M,2400000,188.1K,188100,1.2K,1200,39.6K,39600
106,davidguetta,David Guetta,4.5M,4500000,4.4M,4400000,419.9K,419900,4.1K,4100,5.9K,5900
107,quynh.aka,Qu·ª≥nh Aka ‚úÖ,1.9M,1900000,4.7M,4700000,333.2K,333200,4.4K,4400,7.3K,7300
108,gianlucavacchi,Gianluca Vacchi,21.5M,21500000,7.7M,7700000,477.1K,477100,2K,2000,2.8K,2800
109,ashhasacamera,ash,871.7K,871700,3.4M,3400000,854.7K,854700,4.1K,4100,2K,2000
110,abdelrhman_boda1,üíé‚òùÔ∏è ÿπ€Åÿ®ÿØÿßŸÑ€Åÿ±ÿ≠€ÅŸÖŸÜ_ÿßÿ≠€ÅŸÖÿØ‚òùÔ∏èüíé,2.8M,2800000,8.1M,8100000,337.4K,337400,1.3K,1300,5.1K,5100
111,garett__nolan,garett nolan,13.4M,13400000,4.2M,4200000,337.1K,337100,2.4K,2400,10K,10000
112,sturniolo.triplets,Sturniolo‚Äôs,4M,4000000,2.8M,2800000,654.2K,654200,7.6K,7600,2K,2000
113,juliano,juliano,9.9M,9900000,6.8M,6800000,625.2K,625200,3K,3000,1K,1000
114,jwaltonnn,·¥ä‚ö°Ô∏è,733.4K,733400,1.6M,1600000,350.9K,350900,27K,27000,2.5K,2500
115,zodiac.boyfriend,Zodiac Boyfriendü™êüîÆ,2.1M,2100000,2.7M,2700000,444.7K,444700,5.2K,5200,8.5K,8500
116,litkillah,LIT killahü©∏,2.4M,2400000,3.2M,3200000,428.3K,428300,1.3K,1300,10.6K,10600
117,stickyboy69,stickyboy69,8.9M,8900000,1.9M,1900000,478.8K,478800,14.6K,14600,3.8K,3800
118,shxtsngigs,ShxtsNGigs Podcast,4.9M,4900000,3.6M,3600000,603.1K,603100,1.9K,1900,5.6K,5600
119,faeleamendoim,Fael Alegria e Isaac Amendoim,3.6M,3600000,5.5M,5500000,321.6K,321600,1.3K,1300,7.9K,7900
120,thallyssonsb,Thallysson Borges,10.7M,10700000,3M,3000000,450.1K,450100,3.8K,3800,8.1K,8100
121,saramohannad_,Sara,7.9M,7900000,4.5M,4500000,364.9K,364900,6.3K,6300,3.1K,3100
122,miakhalifa,Mia K.,35.7M,35700000,5.4M,5400000,610.3K,610300,2.5K,2500,2.2K,2200
123,qamar_altaey,ùëÑùê¥ùëÄùê¥ùëÖ,3.8M,3800000,3M,3000000,298.1K,298100,7K,7000,9.9K,9900
124,sofyank96,Sofyank96,2.6M,2600000,4.5M,4500000,565.1K,565100,2.5K,2500,3.4K,3400
125,kooovryt,kika,2.5M,2500000,2.9M,2900000,516.2K,516200,4K,4000,6K,6000
126,leesiyoung38,Ïù¥ÏãúÏòÅ,17.4M,17400000,3.5M,3500000,658.8K,658800,3.8K,3800,2.8K,2800
127,jdpantoja,JD Pantoja,30.5M,30500000,4.6M,4600000,751.9K,751900,3.5K,3500,799,799
128,billlnai,nai,8.7M,8700000,3.4M,3400000,934.2K,934200,2.6K,2600,1.9K,1900
129,itssassagurl,Sassa Gurl,6.6M,6600000,3.5M,3500000,565.3K,565300,3.1K,3100,4.1K,4100
130,bargain.bethany,bargainbethany,124.8K,124800,2.2M,2200000,208.7K,208700,1.8K,1800,28.3K,28300
131,terryreloaded,Terry Reloaded,6.5M,6500000,2.3M,2300000,508.7K,508700,2.7K,2700,8.7K,8700
132,gordonramsayofficial,Gordon Ramsay,33.8M,33800000,6.4M,6400000,488.1K,488100,2.2K,2200,2.1K,2100
133,larissagloor,ùóüùóÆùóøùó∂ùòÄùòÄùóÆ ùóöùóπùóºùóºùóø,3.4M,3400000,3.1M,3100000,756.8K,756800,3.9K,3900,1.8K,1800
134,rah_money1,General ock,3.4M,3400000,3.2M,3200000,426.3K,426300,3.1K,3100,6.3K,6300
135,aymanehamedi,Weld Mimoune,1.1M,1100000,3.4M,3400000,298.5K,298500,2.8K,2800,9.8K,9800
136,luvadepedreiro,Iran Ferreira (Lai),19.4M,19400000,4.2M,4200000,571.7K,571700,3.7K,3700,1.7K,1700
137,brookemonk_,Brooke Monk,23.6M,23600000,5.9M,5900000,678.9K,678900,1.9K,1900,1.4K,1400
138,parnishacook,–ü–∞—Ä–¥–∞–µ–≤ –ê–ª–∏–±–µ–∫,615.7K,615700,3.2M,3200000,183.7K,183700,352,352,21.3K,21300
139,yzn47,ÿπÿ≤Ÿäÿ≤ | Ÿäÿ≤ŸÜ,7M,7000000,7M,7000000,249.2K,249200,1.2K,1200,6.1K,6100
140,pimrypie__tiktok,Pimrypie,3.3M,3300000,7.7M,7700000,466.3K,466300,2.3K,2300,1.2K,1200
141,alanthedude,Alan,681.8K,681800,3.7M,3700000,636K,636000,3.5K,3500,1.8K,1800
142,daviddobrik,DAVID DOBRIK,26.2M,26200000,4.4M,4400000,440.6K,440600,1.7K,1700,4.6K,4600
143,montanablack,GetOnMyLvL,2.5M,2500000,3.4M,3400000,447.5K,447500,3.5K,3500,4.4K,4400
144,vhackerr,Vinnie,14.9M,14900000,3.3M,3300000,487.1K,487100,4.6K,4600,2.7K,2700
145,cellat36,cellat36,8.6M,8600000,5.4M,5400000,307.5K,307500,5.2K,5200,1.9K,1900
146,thebenjishow,benji,5.9M,5900000,3.3M,3300000,643.8K,643800,2.2K,2200,3.2K,3200
147,seventeen17_official,SEVENTEEN,6M,6000000,1.9M,1900000,595.1K,595100,5.3K,5300,4.9K,4900
148,thenataliahms,Natalia Hurtado de Mendoza,73.9K,73900,3.5M,3500000,259.6K,259600,928,928,11.8K,11800
149,loganpaul,Logan Paul,15.9M,15900000,4.8M,4800000,976.9K,976900,1.4K,1400,1K,1000
150,andyarthursmith,Andy Arthur Smith,2.2M,2200000,3.3M,3300000,564.7K,564700,3.3K,3300,2.8K,2800
151,loganpaul,Logan Paul,15.9M,15900000,4.8M,4800000,976.9K,976900,1.4K,1400,1K,1000
152,andyarthursmith,Andy Arthur Smith,2.2M,2200000,3.3M,3300000,564.7K,564700,3.3K,3300,2.8K,2800
153,cauwave,cauwave,1.4M,1400000,2.6M,2600000,396.6K,396600,2.7K,2700,8.2K,8200
154,nicollefigueroaa,Nicolle Figueroa,12.7M,12700000,5.5M,5500000,766.1K,766100,1.8K,1800,882,882
155,brookemonk_,Brooke Monk,23.6M,23600000,5.7M,5700000,620.8K,620800,1.8K,1800,1.3K,1300
156,oldtimehawkey,Old Time Hawkey,6.4M,6400000,2.9M,2900000,445.5K,445500,4.6K,4600,4K,4000
157,mix_151,ŸÖŸÉÿ≥ _Mix,3.4M,3400000,4.8M,4800000,481.9K,481900,3.2K,3200,1.4K,1400
158,mmmjoemele,Joe Mele,22.8M,22800000,5.7M,5700000,848.4K,848400,1.2K,1200,1K,1000
159,lordtrunks,Lord Trunks,2.2M,2200000,4.2M,4200000,386.9K,386900,3K,3000,3.6K,3600
160,paytonking,Payton King,5.3M,5300000,2.6M,2600000,325K,325000,4.8K,4800,7.6K,7600
161,squatch.and.sons_customs,Squatch and Sons Customs,213.6K,213600,7.7M,7700000,471.3K,471300,1.6K,1600,1.2K,1200
162,incorrectlyroce,Roce Ordo√±ez,8.4M,8400000,3.9M,3900000,678.6K,678600,2.2K,2200,1.7K,1700
163,lifeofclare,Clare Thurkett,42.2K,42200,3.1M,3100000,724.4K,724400,1.2K,1200,3.4K,3400
164,patrickbarnes,Patrick Barnes,2.4M,2400000,2.2M,2200000,417.2K,417200,3.9K,3900,7.3K,7300
165,the.historical,History Footage,201.5K,201500,2.9M,2900000,346.2K,346200,4.8K,4800,5.1K,5100
166,blamerobertjames,blamerobertjames,159.3K,159300,3.5M,3500000,347.2K,347200,4.4K,4400,3.9K,3900
167,pollerocho,pollerocho,3.5M,3500000,3.5M,3500000,567.2K,567200,841,841,4.2K,4200
168,ferchugimenez,Fernanda,7.7M,7700000,4.5M,4500000,825.6K,825600,1.5K,1500,1.1K,1100
169,jaykindafunny8,Jaykindafunny,24.3M,24300000,4.8M,4800000,612.4K,612400,1.3K,1300,2K,2000
170,kulinaria.recetas,AGUS LIPORACE,3.8M,3800000,3.4M,3400000,408.9K,408900,443,443,6.4K,6400
171,cocielo,J√∫lio Cocielo,5M,5000000,2.3M,2300000,675.9K,675900,2K,2000,4.1K,4100
172,darylsabara,darylsabara,695.7K,695700,3.6M,3600000,628.5K,628500,1.9K,1900,2.1K,2100
173,livefromthepark,Ninjy Dave,369K,369000,2.2M,2200000,130.2K,130200,1K,1000,30.6K,30600
174,saraisthreads,Sarai Marie,1.6M,1600000,2.3M,2300000,462.7K,462700,2.6K,2600,6.1K,6100
175,fhd.artz,ŸÅŸáÿØ ÿ¢ÿ±ÿ™ || Fahadüé®,2.2M,2200000,4.5M,4500000,288.8K,288800,5.4K,5400,1.4K,1400
176,ig_alongwiranda,üïåüèÉ,880.7K,880700,3.2M,3200000,129.4K,129400,1.2K,1200,20K,20000
177,initiaraandini,tiara andini,5.1M,5100000,3.8M,3800000,419.6K,419600,2.6K,2600,3K,3000
178,ndshvv,ndshvv,3.2M,3200000,3.8M,3800000,552.4K,552400,3.4K,3400,764,764
179,maiaknight,Maia Knight,8.8M,8800000,4.7M,4700000,720.5K,720500,1.6K,1600,960,960
180,homm9k,–•–û–ú–Ø–ö,44.4M,44400000,3.8M,3800000,489.8K,489800,3.6K,3600,1.1K,1100
181,dobretwins,Lucas and Marcus,36.2M,36200000,4.8M,4800000,453.1K,453100,2.8K,2800,1.1K,1100
182,jacksepticeye,Jacksepticeye,4.9M,4900000,2.3M,2300000,559.8K,559800,3.8K,3800,2.7K,2700
183,franckfs,Franck Farf√°n FS,5.7M,5700000,4.9M,4900000,330.9K,330900,1K,1000,4.1K,4100
184,iamdtg,DTG,1.2M,1200000,2.2M,2200000,251.9K,251900,2.2K,2200,12.9K,12900
185,jihansalsabila44,Jihan Salsabila,1.6M,1600000,2.7M,2700000,366.4K,366400,3.6K,3600,4.5K,4500
186,brentrivera,Brent Rivera,44.9M,44900000,4.9M,4900000,574.4K,574400,2K,2000,813,813
187,rayandmadalyn,Ray & Madalyn,1.1M,1100000,3.6M,3600000,496.1K,496100,1.8K,1800,2.6K,2600
188,nessaabarrett,Ness,19.4M,19400000,4M,4000000,420.5K,420500,2.7K,2700,2K,2000
189,leanadeeb,Leana Deeb,10.4M,10400000,3.9M,3900000,573.5K,573500,1.3K,1300,2.1K,2100
190,just.hamilton,Just Hamilton,2.9M,2900000,2.3M,2300000,371.1K,371100,1.9K,1900,7K,7000
191,wilmah10,wilmah10,6.3K,6300,2.9M,2900000,208.2K,208200,2.7K,2700,9.9K,9900
192,official_kep1er,Kep1er,4.8M,4800000,2.7M,2700000,518.5K,518500,3.6K,3600,1.7K,1700
193,loicsuberville,Lo√Øc Suberville,2.4M,2400000,2.4M,2400000,458.1K,458100,1.6K,1600,5.2K,5200
194,lana_mohd89,ùë≥ùë®ùëµùë® ü¶ã,5.7M,5700000,4.1M,4100000,293.4K,293400,3.7K,3700,2.6K,2600
195,bigtugg,Tucker Lindgren,1.3M,1300000,2M,2000000,444K,444000,3.1K,3100,5.3K,5300
196,jvke,JVKE,7.7M,7700000,3.7M,3700000,582.2K,582200,2.1K,2100,1.3K,1300
197,bayashi.tiktok,„Éê„É§„Ç∑ü•ëBayashi,33.6M,33600000,4.4M,4400000,492K,492000,2.6K,2600,786,786
198,bilalahy,Bilal,3.5M,3500000,2.2M,2200000,492K,492000,1.9K,1900,4.7K,4700
199,spicyycam_,Spice King,19.5M,19500000,4.2M,4200000,414.1K,414100,2.8K,2800,1.3K,1300
200,duythamchannel,Duy Th·∫©m,4M,4000000,5M,5000000,492.5K,492500,2.2K,2200,708,708
201,fedevigevani,Fede Vigevani,14.6M,14600000,4M,4000000,457.2K,457200,2.7K,2700,1.1K,1100
202,korectiion,Iam Cleo,390.5K,390500,3M,3000000,376.8K,376800,4.3K,4300,1.7K,1700
203,theovon,Theo Von,2.7M,2700000,3.1M,3100000,320.8K,320800,1.1K,1100,5.6K,5600
204,dafnnejm,dafnne ‚òª,3.8M,3800000,3.7M,3700000,667.9K,667900,1.4K,1400,1.3K,1300
205,boomershroomer,Ashley Enders,63.8K,63800,4.1M,4100000,286.4K,286400,2.4K,2400,3.2K,3200
206,abir.sag,Abir el saghir,14.7M,14700000,4.3M,4300000,302.8K,302800,2.8K,2800,2.3K,2300
207,iamprisleeciyi,Priscilla ‚ó°Ãà,13.9K,13900,2.3M,2300000,522.9K,522900,1.2K,1200,4.2K,4200
208,mikaylahau,Mikaylah,4.9M,4900000,3.6M,3600000,313.5K,313500,4.6K,4600,1.1K,1100
209,ranboolive,Ranboo,4.3M,4300000,1.8M,1800000,414.8K,414800,7K,7000,1.6K,1600
210,fadiljaidi,Fadil Jaidi,8.7M,8700000,3.5M,3500000,390.7K,390700,2.9K,2900,1.8K,1800
211,diiegospyckerzs,Diiego Spyckerzs,808.5K,808500,2.8M,2800000,154.5K,154500,3K,3000,11.8K,11800
212,sonyakisa8,Cat Sonya,17.4M,17400000,3.5M,3500000,287.7K,287700,1K,1000,5.3K,5300
213,dbl_n,DBL N officiel üëëüî•üáπüá≥,2.2M,2200000,3.6M,3600000,392.9K,392900,2.4K,2400,2.1K,2100
214,gavincasalegno,GavinCasalegno,3.2M,3200000,2.2M,2200000,394.7K,394700,5.3K,5300,1.9K,1900
215,gordeewa__13,gordeewa__13 :>,12.7M,12700000,5.4M,5400000,293.7K,293700,3.2K,3200,722,722
216,guide_smis,‡πÑ‡∏Å‡∏Ñ‡πå '‡∏™‡∏°‡∏¥‡∏ó,275.7K,275700,13.1M,13100000,299.2K,299200,435,435,1.2K,1200
217,lucasmonteirosg,Lucas Monteiro,486.9K,486900,3.8M,3800000,469.4K,469400,1.8K,1800,1.7K,1700
218,dasigantung,Dasi Gantung,5.9M,5900000,4.6M,4600000,648.5K,648500,842,842,1.3K,1300
219,vanessalopesr,Vanessa Lopes,25.2M,25200000,3.4M,3400000,327.8K,327800,3.6K,3600,1.9K,1900
220,alexitoxedits,ALEX <3,2.9M,2900000,1.6M,1600000,467.1K,467100,3.9K,3900,4.4K,4400
221,bretmanrock,bretmanrock,14.4M,14400000,2.9M,2900000,599.9K,599900,2K,2000,1.4K,1400
222,brodywellmaker,Brody Wellmaker,21.6M,21600000,3M,3000000,430.3K,430300,3.6K,3600,1K,1000
223,jamescharles,James Charles,36.9M,36900000,4.2M,4200000,356.4K,356400,2.9K,2900,1.1K,1100
224,pablitocastilloo,pablitocastilloo,5.8M,5800000,2M,2000000,234.7K,234700,1.8K,1800,10.8K,10800
225,jindaouis,Louisa Jindaoui,2M,2000000,3.4M,3400000,492.2K,492200,1.6K,1600,1.9K,1900
226,readyfredi,fredi p√§rs,3.2M,3200000,1.6M,1600000,364K,364000,3.8K,3800,6.6K,6600
227,ive.official,IVE.official,3M,3000000,2.4M,2400000,355.6K,355600,4.1K,4100,2.7K,2700
228,hannahbahng,hannahbahng,2.4M,2400000,1.7M,1700000,479.4K,479400,5.8K,5800,1.3K,1300
229,realnikocadoavocado,Nikocado Avocado,1.7M,1700000,3.4M,3400000,131K,131000,6.9K,6900,6K,6000
230,_andrewcurtiss,Andrew Curtis,2.8M,2800000,2M,2000000,341.9K,341900,5.5K,5500,2.9K,2900
231,datvilla94,üî•ƒê·∫°t Villaüî•,6.9M,6900000,2.7M,2700000,192K,192000,8.6K,8600,2.6K,2600
232,santiperezvivas,Santi Perez,1.8M,1800000,2.5M,2500000,418.3K,418300,1.8K,1800,3.8K,3800
233,sucss.s,A√ßucena Guirra,11.5M,11500000,3.2M,3200000,539.9K,539900,2.5K,2500,755,755
234,thalita_karter,thalitaKarter,3.9M,3900000,3.4M,3400000,200.2K,200200,1.2K,1200,6.9K,6900
235,davidcstt_,David Costa,5.3M,5300000,3.5M,3500000,480.5K,480500,1.9K,1900,1.4K,1400
236,strangehumano,nova,10.4M,10400000,3.8M,3800000,400.8K,400800,2.4K,2400,1.1K,1100
237,gregisms,Gregisms‚Äô Neighborhood,2.4M,2400000,1.4M,1400000,235.8K,235800,4.3K,4300,12.3K,12300
238,matheuscllaus,CLAUS,5.4M,5400000,2.7M,2700000,340.1K,340100,2.3K,2300,3.7K,3700
239,halinhofficial,Ha Linh Official,2.7M,2700000,4.1M,4100000,346.5K,346500,2.4K,2400,1.4K,1400
240,kaan.etm,Kaan,3.3M,3300000,1.6M,1600000,411.5K,411500,3.4K,3400,4.7K,4700
241,nicocaponecomedy,nicocapone.comedy,23.1M,23100000,4.6M,4600000,317.3K,317300,1.4K,1400,2.3K,2300
242,aitch12,Aitch,2M,2000000,3.5M,3500000,351.4K,351400,2.1K,2100,2.3K,2300
243,kirbyquimado,Kirbyyy,187.9K,187900,2.1M,2100000,274.9K,274900,1.5K,1500,7.6K,7600
244,brycehall,Bryce Hall,22.7M,22700000,4.8M,4800000,497.8K,497800,1.5K,1500,711,711
245,straange_56guuuuy,aikihoruus?,5.9K,5900,1.5M,1500000,276.6K,276600,2.2K,2200,10.8K,10800
246,emillyvickof,Emilly Vick,12.1M,12100000,5.4M,5400000,444.8K,444800,1.4K,1400,799,799
247,datdo0803,ƒê·ªó ƒê·∫°t,7.6M,7600000,3.7M,3700000,368.2K,368200,2.6K,2600,1.1K,1100
248,darianrojasc,D A R I A NR O J A S,30.7M,30700000,3.3M,3300000,542.4K,542400,2.4K,2400,440,440
249,nicolassturniolo,Nicolas Sturniolo,3.3M,3300000,2.5M,2500000,412.1K,412100,4.4K,4400,582,582
250,ricardogaeta_,Ricardo Gaeta,737.8K,737800,2.1M,2100000,232K,232000,4.9K,4900,5.3K,5300
251,giovannibonaccinii_,G I O V A N N Iü¶ã,858.3K,858300,2.2M,2200000,317.6K,317600,3K,3000,4.1K,4100
252,girlsgeneration.official,GirlsGeneration,783.5K,783500,2.7M,2700000,355.2K,355200,2.9K,2900,2.4K,2400
253,eupereiraoficial,Eu Pereira,7.8M,7800000,3.6M,3600000,395.7K,395700,1.3K,1300,2.1K,2100
254,sabrinacarpenter,Sabrina Carpenter,12.6M,12600000,3.2M,3200000,346.5K,346500,3.3K,3300,1.2K,1200
255,leymarbrown,Leymar Brown,633.9K,633900,2M,2000000,251.5K,251500,2.6K,2600,7.1K,7100
256,ferxxo444,Feid,3.5M,3500000,3.1M,3100000,381.7K,381700,1.5K,1500,2.6K,2600
257,itsqcp,QCP,10.8M,10800000,3.9M,3900000,529.1K,529100,1.4K,1400,948,948
258,tooturnttony,Tooturnttony,17.7M,17700000,3.7M,3700000,355.5K,355500,2.6K,2600,1.1K,1100
259,theodortytb,THEODORT,1.5M,1500000,2.6M,2600000,563.3K,563300,2.5K,2500,773,773
260,drewafualo,Drew Afualo,7.7M,7700000,2M,2000000,322.1K,322100,6.5K,6500,977,977
261,xoang_xa,maliha,917.6K,917600,2.1M,2100000,475K,475000,2.9K,2900,1.8K,1800
262,runabyte,Runa,949.4K,949400,2.1M,2100000,573.2K,573200,1.8K,1800,2.2K,2200
263,notshanebennett,Shane Bennett,2.6M,2600000,2.6M,2600000,589.4K,589400,1.2K,1200,1.9K,1900
264,shadisrour,Shadi Srour,2.2M,2200000,3.2M,3200000,196.4K,196400,2.3K,2300,5.2K,5200
265,ninonrambaud,Ninon Rambaud,123.5K,123500,4.1M,4100000,441.5K,441500,1.5K,1500,1.1K,1100
266,kyleechoi,Kylee Choi,19.8K,19800,1.8M,1800000,483.5K,483500,3K,3000,2.3K,2300
267,eljuandiduque,eljuandiduque,6.2M,6200000,1.8M,1800000,171.3K,171300,1.5K,1500,13.4K,13400
268,minami.0819,ü¶ÑüíôMINAMIüíôü¶Ñ,1.6M,1600000,2M,2000000,187.1K,187100,9.7K,9700,2.4K,2400
269,raredoodle,rare doodle,1.8M,1800000,3.2M,3200000,370.1K,370100,2.4K,2400,1.5K,1500
270,benyaparimm,BEN YAPARIM ! üáπüá∑,519.3K,519300,3.6M,3600000,186.1K,186100,1.5K,1500,5.2K,5200
271,thehypehouse,The Hype House,21.1M,21100000,3.2M,3200000,441.7K,441700,2.7K,2700,523,523
272,livvy,Olivia Dunne,5.9M,5900000,3.1M,3100000,397.9K,397900,2.3K,2300,1.4K,1400
273,choega,BEDDY,5.5M,5500000,2.1M,2100000,348.2K,348200,4.1K,4100,2K,2000
274,cerenyaldz,Ceren Yaldƒ±z,9.4M,9400000,4.4M,4400000,184.1K,184100,4.8K,4800,712,712
275,miichaelltran,Michael,6.5M,6500000,2.5M,2500000,442.7K,442700,2.3K,2300,1.8K,1800
276,dunkmvp,DunkMVP,3.5M,3500000,3.5M,3500000,405.7K,405700,1.4K,1400,1.8K,1800
277,jimena.jimenezr,Jimena,24.2M,24200000,3.3M,3300000,521.1K,521100,959,959,1.6K,1600
278,tangozilla,TANGOZILLA,280K,280000,2.2M,2200000,467.5K,467500,1.3K,1300,3K,3000
279,melfouad,Melfouad,1.3M,1300000,2.4M,2400000,209.4K,209400,2.1K,2100,6.6K,6600
280,t22felton,Tom Felton,10.1M,10100000,2.8M,2800000,303.5K,303500,3.1K,3100,2K,2000
281,bu_kre_sabi,Bu Kre Sabi‚ÅâÔ∏è,472.4K,472400,5.1M,5100000,255.2K,255200,659,659,2.6K,2600
282,lucasvarelaaaa,Lucas varela,2.9M,2900000,2M,2000000,282K,282000,810,810,6.7K,6700
283,mndiaye_97,mndiaye_97,15.1M,15100000,2.2M,2200000,443.7K,443700,2.5K,2500,1.9K,1900
284,jessechrisss,Jess,3.5M,3500000,8.9M,8900000,471K,471000,775,775,223,223
285,n.vv3,ŸÜÿßÿµÿ± || üá∏üá¶ alsubaie,4M,4000000,2.9M,2900000,149.6K,149600,2.3K,2300,7.4K,7400
286,tammyhembrow,Tammy Hembrow,1.7M,1700000,3.8M,3800000,429.5K,429500,1.3K,1300,1.3K,1300
287,jackjos3ph,Jack Joseph,3.2M,3200000,2.1M,2100000,323.1K,323100,2.5K,2500,3.8K,3800
288,paulo_victormelo2,Paulo Victor Melo,2.2M,2200000,4.7M,4700000,447.9K,447900,815,815,1.2K,1200
289,phatnail,L√™ ƒê·∫°i Ph√°t ü•ë,1.4M,1400000,3.3M,3300000,333.9K,333900,3.2K,3200,583,583
290,straykids_japan,straykids_japan,8.1M,8100000,1M,1000000,344.9K,344900,7.6K,7600,3.9K,3900
291,fwm.kalebb,Kaleb,1.6M,1600000,2M,2000000,306.4K,306400,4.5K,4500,2.3K,2300
292,cookiepuentee,Cookie Puenteüç™,686.1K,686100,1.4M,1400000,336.8K,336800,1.8K,1800,6.6K,6600
293,andy.and.michelle,Andy & Michelle,5M,5000000,2.6M,2600000,336.3K,336300,1.4K,1400,3.4K,3400
294,elpelaromerook,Gonzalo Romero,1.5M,1500000,1.4M,1400000,161.5K,161500,696,696,17.2K,17200
295,leaelui,Lea Elui,17.3M,17300000,3.9M,3900000,596.4K,596400,654,654,1.1K,1100
296,zeinabharake,Zeinab Harake,14.4M,14400000,3.5M,3500000,492.1K,492100,1.7K,1700,673,673
297,augustogimenez,AugustoGimenez,13.5M,13500000,4.1M,4100000,608.8K,608800,1K,1000,605,605
298,thefashioncouple,BUCKS&JANINA,3.6M,3600000,3.1M,3100000,189K,189000,6.6K,6600,303,303
299,ria_d3miri,ria_d3miri,3.1M,3100000,2.3M,2300000,270.9K,270900,4.9K,4900,1.5K,1500
300,brittikitty,Brittany & Lily,13.5M,13500000,3.1M,3100000,433.3K,433300,1.2K,1200,1.7K,1700
301,mieayamthebstt,Unaaüçú,16.2M,16200000,3.5M,3500000,275.5K,275500,2.5K,2500,1.5K,1500
302,cryingben,benoftheyear,1.6M,1600000,2M,2000000,442K,442000,3.7K,3700,764,764
303,keniaos,KeniaOs,15.4M,15400000,2M,2000000,341.8K,341800,4.1K,4100,1.5K,1500
304,okunonolife,nono,839.7K,839700,3M,3000000,318.2K,318200,1K,1000,2.9K,2900
305,camxnie,Cam & Nie,3.5M,3500000,1.9M,1900000,323.6K,323600,1K,1000,5.3K,5300
306,loewhaley,Laura,2.7M,2700000,2.5M,2500000,211.2K,211200,1K,1000,6.1K,6100
307,vicblends,VicBlends,13.2M,13200000,2.7M,2700000,523.9K,523900,1.8K,1800,836,836
308,meganfitton6,user3892932795857,8.7K,8700,2M,2000000,315.3K,315300,1.6K,1600,4.4K,4400
309,renpc_,‚ú®Ren PC‚ú®,4.8M,4800000,1.6M,1600000,339.3K,339300,1.6K,1600,5.3K,5300
310,christophersturniolo,Christopher Sturniolo,2.7M,2700000,1.6M,1600000,361.2K,361200,5K,5000,1.3K,1300
311,snoopdogg,Snoop Dogg,23.4M,23400000,3.7M,3700000,168.1K,168100,2.7K,2700,3.3K,3300
312,mdmotivator,Zachery Dereniowski,10.7M,10700000,3M,3000000,424.9K,424900,1.8K,1800,1K,1000
313,naimdarrechi,Naim DarrechiüèÜ,28.1M,28100000,2.3M,2300000,228.4K,228400,1.1K,1100,6K,6000
314,iamsungstarwin,Sungstarwin,2.2M,2200000,4.7M,4700000,651.9K,651900,653,653,532,532
315,kopke613,kopke613,4M,4000000,1.6M,1600000,222.1K,222100,3.3K,3300,6.9K,6900
316,esen_alva,Esen,4.4M,4400000,1.6M,1600000,328.2K,328200,1.1K,1100,5.8K,5800
317,grillervm,GrillerVM,3.1M,3100000,2.5M,2500000,371.2K,371200,1.3K,1300,2.6K,2600
318,jerellware,jerell ware,95.8K,95800,2.2M,2200000,433.9K,433900,1.5K,1500,2.3K,2300
319,jimmydarts,Jimmy Darts,8.9M,8900000,2.6M,2600000,506K,506000,2.1K,2100,643,643
320,vienvibi_899,Vi√™n Vibi,7.5M,7500000,4M,4000000,375.8K,375800,2K,2000,394,394
321,noguidnce,NO GUIDNCE,2.2M,2200000,2.2M,2200000,430.6K,430600,2.1K,2100,1.8K,1800
322,lachama4_ff,LA CHAMA ·¥∞,9.6M,9600000,2.7M,2700000,363K,363000,3.4K,3400,318,318
323,sonrixs_,Sonrixs,13.7M,13700000,4M,4000000,534.4K,534400,1K,1000,642,642
324,vincentgiganteee,Vincent Gigante,2.3M,2300000,2.1M,2100000,300.9K,300900,1.6K,1600,3.9K,3900
325,jerofreixas,jerofreixas,1.4M,1400000,1.9M,1900000,184.9K,184900,1.4K,1400,8.7K,8700
326,madamsoniia,Madam Sonia,3.6M,3600000,6.4M,6400000,474.6K,474600,635,635,509,509
327,cznburak,cznburak,63.6M,63600000,4.6M,4600000,228.4K,228400,2.3K,2300,978,978
328,la.maraaa,LA MARA,7.3M,7300000,2.9M,2900000,376.9K,376900,2.2K,2200,904,904
329,louvoresgospelbr,louvoresgospelbr,1.3M,1300000,1.9M,1900000,221.3K,221300,1.1K,1100,6.9K,6900
330,rucenuenda1,Ruce Nuenda,2.1M,2100000,3.3M,3300000,490.6K,490600,1.5K,1500,554,554
331,nourmar5,nourmar5,14.6M,14600000,1.8M,1800000,136.9K,136900,4.8K,4800,8.8K,8800
332,bebopandbebe,BebopandBebe,750.4K,750400,3.3M,3300000,127.2K,127200,7.6K,7600,354,354
333,daniimolalaa,Ladaniuu,499.9K,499900,2.4M,2400000,586.5K,586500,998,998,1.3K,1300
334,jaimeonod,Telma,1.8M,1800000,2M,2000000,296.1K,296100,3.8K,3800,1.8K,1800
335,starirawan,ssssttttaaaarrrr,550.3K,550300,1.8M,1800000,177.3K,177300,8.6K,8600,1.8K,1800
336,patriotickenny,patriotickenny,2.3M,2300000,2.1M,2100000,292.9K,292900,2K,2000,3.3K,3300
337,xxlechuga,Daniel Lechuga,5.3M,5300000,2.2M,2200000,476.1K,476100,1.2K,1200,1.9K,1900
338,manhtienkhoi_,M·∫°nh Ti·∫øn Kh√¥i üêØ,4.6M,4600000,3M,3000000,276.4K,276400,2.6K,2600,1.3K,1300
339,itsjojosiwa,JoJo Siwa,43.5M,43500000,4.2M,4200000,422K,422000,1.4K,1400,399,399
340,ajkhiphop,kelil,36.5K,36500,4.6M,4600000,670.6K,670600,686,686,355,355
341,ustazebitlew,Ebit Lew,4.1M,4100000,1.9M,1900000,156.3K,156300,6.3K,6300,4.4K,4400
342,cedricgrolet,Cedric Grolet,1.3M,1300000,3.3M,3300000,251.8K,251800,1.1K,1100,2.7K,2700
343,danythegaggio,Daniele Cabras,3.2M,3200000,2M,2000000,217.2K,217200,2.3K,2300,5.2K,5200
344,dylanpage.ning,Dylan Page,3.1M,3100000,1.6M,1600000,239.4K,239400,5.4K,5400,3K,3000
345,mastermind_ph,Mastermind PH,2.1M,2100000,2.6M,2600000,273K,273000,2.1K,2100,2.3K,2300
346,maluborgesm,MALU BORGES,2.9M,2900000,1.9M,1900000,280.4K,280400,4.8K,4800,1K,1000
347,vito.video,Vito üåçüö¥‚Äç‚ôÇÔ∏è,1.9M,1900000,2.2M,2200000,340K,340000,2K,2000,2.2K,2200
348,frnzlynfby,Feby,3.7M,3700000,1.9M,1900000,361K,361000,2.6K,2600,2K,2000
349,carolvillanes,Carol Villanes,6.3M,6300000,2M,2000000,294.7K,294700,4.8K,4800,467,467
350,mariabecerra_22,Maria Becerra,8.3M,8300000,2.7M,2700000,388.3K,388300,2.2K,2200,712,712
351,onerepublic,OneRepublic,691.7K,691700,2.8M,2800000,323K,323000,955,955,2.5K,2500
352,ngikuttrendaja,Ahmad Rizki,192.8K,192800,3.7M,3700000,304.5K,304500,1.5K,1500,1.2K,1200
353,flickerspark_,flickerspark_,1.2M,1200000,2.1M,2100000,516.8K,516800,1.4K,1400,1.5K,1500
354,cvsthetico,cvstage,168.2K,168200,2.3M,2300000,313.1K,313100,2.5K,2500,1.8K,1800
355,yahia_x,Ÿäÿ≠ŸäŸâ ÿßŸÑÿ≤ÿπÿ®Ÿä,2.2M,2200000,4M,4000000,189.9K,189900,1K,1000,3.1K,3100
356,jennialarcon_,Jenni Alarcon,3.1M,3100000,2M,2000000,348.4K,348400,2.5K,2500,1.9K,1900
357,airiiqtieeee,inoue`,53.1K,53100,1.8M,1800000,321.3K,321300,2.7K,2700,2.6K,2600
358,officialsunnydaze,SUNNY DAZE,1.6M,1600000,3.1M,3100000,495.3K,495300,844,844,1.2K,1200
359,los_chicaneros,Los_chicaneros,3.7M,3700000,1.9M,1900000,218.2K,218200,1.2K,1200,6.1K,6100
360,videoschapin,VideosChapin,56K,56000,2.9M,2900000,78.8K,78800,2.7K,2700,10.6K,10600
361,wuesilva,Wue Silva,13.1M,13100000,4.1M,4100000,283.4K,283400,1.2K,1200,1.4K,1400
362,ladygaga,ladygaga,7.6M,7600000,1.9M,1900000,247.5K,247500,4.4K,4400,2K,2000
363,cx_.q,ŸÖÿµÿ∑ŸÅŸâ ÿßŸÑÿ®ÿµÿ±ÿßŸàŸä 62,3.3M,3300000,3.1M,3100000,254K,254000,2.3K,2300,1.5K,1500
364,mitsy270,mitsy,2.3M,2300000,1.9M,1900000,338.3K,338300,2.7K,2700,2.1K,2100
365,ayesebastien,Sebastien,7.2M,7200000,2M,2000000,396.5K,396500,2.1K,2100,1.8K,1800
366,karljacobs,Karl,11.2M,11200000,1.9M,1900000,486.5K,486500,2.6K,2600,563,563
367,liltjay,Lil Tjay,5.2M,5200000,1.9M,1900000,291.9K,291900,3.9K,3900,1.4K,1400
368,irenehsuu,Irene,98.6K,98600,1.4M,1400000,401.7K,401700,1.3K,1300,3.9K,3900
369,doctormiguelpadilla,Doctor Miguel,5.9M,5900000,2.1M,2100000,321.7K,321700,1.7K,1700,2.6K,2600
370,jacobday,Jacob Day,5.6M,5600000,1.8M,1800000,296.6K,296600,4.4K,4400,1K,1000
371,louflores_,Lou flores,2.8M,2800000,2.2M,2200000,237.1K,237100,842,842,4.7K,4700
372,pakoyaso_,Pakoyaso,12.8M,12800000,3.2M,3200000,282.6K,282600,1.2K,1200,2K,2000
373,ella.tchella,Tchella,2M,2000000,1.6M,1600000,381.6K,381600,1.5K,1500,3.4K,3400
374,nashvibes,NashVibes Art,3.7M,3700000,4.4M,4400000,365.5K,365500,1.3K,1300,493,493
375,jamesdroz566,jamesdroz5661,103.4K,103400,1.9M,1900000,155.4K,155400,2.2K,2200,7.4K,7400
376,egyptianbeaman,egyptianbeaman,872.4K,872400,2.2M,2200000,80.5K,80500,1.7K,1700,14.2K,14200
377,mattiastanga,Mattia Stanga,2.7M,2700000,1.5M,1500000,213.4K,213400,1.4K,1400,7.4K,7400
378,gorillaz,Gorillaz,2.3M,2300000,1.8M,1800000,340.9K,340900,2.8K,2800,1.7K,1700
379,lonely.moods,:),354.5K,354500,815.5K,815500,214K,214000,5.4K,5400,10.6K,10600
380,rayanfahmi,Rayoon,3.7M,3700000,2.9M,2900000,235.9K,235900,2.8K,2800,1.2K,1200
381,melmaia,Mel Maia üçØ,11.8M,11800000,3.5M,3500000,473.9K,473900,988,988,662,662
382,vietduongg_,Viet,161.2K,161200,1.2M,1200000,129.7K,129700,12.7K,12700,4.8K,4800
383,leen_mohd98,LEENüå∏,3.8M,3800000,2.9M,2900000,190.1K,190100,2.7K,2700,2.3K,2300
384,jubiandxian,jubiandxian,5.7M,5700000,2.5M,2500000,396.2K,396200,1.8K,1800,934,934
385,adrianbliss,Adrian Bliss,7.3M,7300000,2.3M,2300000,413.3K,413300,1.1K,1100,1.7K,1700
386,dxddy._.desi,Desiree Montoya‚ù§Ô∏è,2.9M,2900000,1.9M,1900000,250.8K,250800,4.9K,4900,764,764
387,frankielapenna,Frankie LaPenna,4.8M,4800000,2.7M,2700000,295.2K,295200,1.4K,1400,2K,2000
388,xxxten1369,XXXTENTACION,3.7M,3700000,2.8M,2800000,335.1K,335100,1K,1000,1.8K,1800
389,softbulletgun97,Tik Toker,1.3M,1300000,2.3M,2300000,188.3K,188300,2.2K,2200,4.1K,4100
390,katiessigmond,katie sigmond,6.9M,6900000,2.9M,2900000,340K,340000,1.1K,1100,1.6K,1600
391,nnatalieaguilar,natalie & the aguilars,4.9M,4900000,3.4M,3400000,558.8K,558800,568,568,825,825
392,elchimbatv,EL CHIMBA,3.3M,3300000,3M,3000000,285.2K,285200,773,773,2.4K,2400
393,deiveleonardooficial,Deive Leonardo,6.1M,6100000,1.3M,1300000,139.3K,139300,370,370,14.2K,14200
394,vitoou,vito‚Ä¢_‚Ä¢,52.4K,52400,1M,1000000,179.3K,179300,3.3K,3300,10.9K,10900
395,twice_tiktok_official,TWICE,17.9M,17900000,1.3M,1300000,325.5K,325500,3.7K,3700,2.5K,2500
396,christilukasiak0,Christilukasiak,2.3M,2300000,2.3M,2300000,369.3K,369300,1.8K,1800,1.2K,1200
397,katiavlogss,KATIAVLOGSüêí,14.5M,14500000,3.4M,3400000,274.4K,274400,2.6K,2600,294,294
398,nhu_y1203,Nguy·ªÖn Ng·ªçc Nh∆∞ √ùüê∞,690.2K,690200,2.6M,2600000,239.8K,239800,4K,4000,205,205
399,jidion,JiDion,4.2M,4200000,1.9M,1900000,412.5K,412500,2K,2000,1.3K,1300
400,lifeofsal,Sal,614.3K,614300,2.4M,2400000,166.2K,166200,1.2K,1200,5.4K,5400
401,nikkietutorials,nikkietutorials,6.2M,6200000,3.2M,3200000,498K,498000,1.1K,1100,538,538
402,ivanovik.83,ivanovik.1983,172.7K,172700,2.3M,2300000,91.5K,91500,1.1K,1100,11.1K,11100
403,erictro,Eric Tro,4.5M,4500000,5.6M,5600000,547.4K,547400,507,507,330,330
404,virginiafonseca,Virginia,34.1M,34100000,3M,3000000,410.9K,410900,1.2K,1200,961,961
405,paigetaylor.s,Paige Taylor,4.5M,4500000,2.6M,2600000,393.3K,393300,1.9K,1900,546,546
406,thecoreyb,Corey B,8.8M,8800000,1.5M,1500000,194.2K,194200,755,755,8.3K,8300
407,carolcastromx,Carol Castro,12.7M,12700000,3.4M,3400000,450K,450000,1.3K,1300,379,379
408,ianlucasok,Ian Lucas,4.5M,4500000,2.4M,2400000,262.9K,262900,3.3K,3300,830,830
409,voronina_valeria_,Valeria Voronina,2.3M,2300000,3.7M,3700000,460.4K,460400,1.1K,1100,334,334
410,pacodemiguel,Paco De Miguel,6.8M,6800000,1.5M,1500000,229.6K,229600,1.9K,1900,5.4K,5400
411,joshrichards,Josh Richards,25.6M,25600000,2.7M,2700000,354K,354000,1.9K,1900,737,737
412,surasak1437,s ·¥ú  Ä ·¥Ä s ·¥Ä ·¥ã,1.1M,1100000,1.8M,1800000,188.5K,188500,463,463,7K,7000
413,com.yuta0305,„Äê„Ç≥„É†„Éâ„ÉÉ„Éà„Äë„ÇÜ„ÅÜ„Åü,1.2M,1200000,1.7M,1700000,225.6K,225600,4.7K,4700,1.9K,1900
414,ayutingting,Ayu Ting Ting,7.2M,7200000,2.9M,2900000,239.2K,239200,1.5K,1500,2.1K,2100
415,yahayraosorio,Yahayra Osorio,372.6K,372600,2.2M,2200000,67.7K,67700,1.1K,1100,15.7K,15700
416,tina_042,ùíØùíæùìÉùí∂,795K,795000,1.8M,1800000,314K,314000,2K,2000,2.4K,2400
417,abosaed49,ÿßÿ®Ÿà ÿ≥ÿπŸäÿØ,661.4K,661400,2.1M,2100000,169.4K,169400,3.1K,3100,3.9K,3900
418,theestallion,Megan Thee Stallion,12.2M,12200000,2.1M,2100000,277.2K,277200,2.3K,2300,2K,2000
419,musdalifahbasrii,Musdalifah Basri,1.3M,1300000,2.2M,2200000,190.2K,190200,3.4K,3400,2.6K,2600
420,haileybieber,Hailey Bieber,9.8M,9800000,3.5M,3500000,342.6K,342600,1.2K,1200,845,845
421,dialaaljazairi,dialaaljazairi,198.7K,198700,4M,4000000,113.2K,113200,3.1K,3100,2.4K,2400
422,chihuahuapeaches,Peaches The Chi,295.2K,295200,1.5M,1500000,296.7K,296700,2K,2000,3.6K,3600
423,brunocampos,Bruno Campos,5.2M,5200000,5.4M,5400000,360.6K,360600,626,626,619,619
424,isaac.h.p.karaoke.backup,Isaac H.P Karaoke Backup,1.6M,1600000,1.3M,1300000,265.6K,265600,3.2K,3200,3.8K,3800
425,rafaelsantos,Rafael Santos,18.5M,18500000,2.5M,2500000,398.2K,398200,1.8K,1800,645,645
426,happytummy_702,Suzy,731.3K,731300,2.2M,2200000,396.7K,396700,288,288,2.5K,2500
427,gemelasabello2,Gemelas Abello,17.9M,17900000,5M,5000000,376.2K,376200,478,478,813,813
428,douhalaribiii,Douha laribii,7.7M,7700000,4.1M,4100000,240.4K,240400,1.6K,1600,823,823
429,itzyofficial,ITZY,9.7M,9700000,1.7M,1700000,314.6K,314600,3K,3000,1.6K,1600
430,twinkle.t1ts,rylee,803.5K,803500,3.7M,3700000,281.5K,281500,2K,2000,302,302
431,murphslife,Aaron Murphy,5.7M,5700000,1.8M,1800000,279.5K,279500,2.8K,2800,2.1K,2100
432,tai.tl2,tai_tl,832.3K,832300,1.9M,1900000,316.9K,316900,1.6K,1600,2.5K,2500
433,vibin.wit.tay,Tay,4.1M,4100000,1.5M,1500000,295.9K,295900,1.2K,1200,4.4K,4400
434,leleburnier,LEL√ä BURNIER,2.4M,2400000,1.6M,1600000,387.6K,387600,2.9K,2900,910,910
435,ae_ay__99,ÿ£Ÿäÿ© ÿßŸÑÿ¥ŸÖÿ±ŸäüíôüêÜ,1.5M,1500000,3.2M,3200000,162K,162000,1.3K,1300,3.2K,3200
436,maddzak,Maddzak,4.9M,4900000,3.3M,3300000,191K,191000,3.5K,3500,227,227
437,nianaguerrero,Niana Guerrero,33.2M,33200000,3.1M,3100000,358.5K,358500,1.5K,1500,684,684
438,cardncyn,Carddd,3.8M,3800000,3.9M,3900000,541.9K,541900,801,801,318,318
439,soy_marcela4,Soy_marcela,4.5M,4500000,2.1M,2100000,336.6K,336600,710,710,2.6K,2600
440,cr.limit,YT- CR Limit,40.4K,40400,2.8M,2800000,189.8K,189800,2.4K,2400,1.9K,1900
441,logfive,Logan,2.5M,2500000,2.1M,2100000,313.5K,313500,1.2K,1200,2.3K,2300
442,katie34556,katie65886,67.6K,67600,2.2M,2200000,149.1K,149100,7.1K,7100,122,122
443,hesfinatia,PINATüçÖ|| IG: @hesfinatia,8.9M,8900000,4.6M,4600000,434K,434000,772,772,377,377
444,samdabaddest,Samaria,312.4K,312400,1.5M,1500000,369.8K,369800,836,836,3.3K,3300
445,palmertrolls,Ben Palmer,3.4M,3400000,2M,2000000,327.8K,327800,884,884,2.7K,2700
446,benorsini,Ben Orsini üëë,543.8K,543800,2.2M,2200000,293.3K,293300,2.8K,2800,718,718
447,vzelivx,vzelivx,731.3K,731300,2.1M,2100000,271.2K,271200,2.6K,2600,1.3K,1300
448,cassy.legaspi,CASSY LEGASPI,5.8M,5800000,3.7M,3700000,369.7K,369700,1K,1000,590,590
449,kwo.owk,KWOOWK,2.6M,2600000,2M,2000000,268.2K,268200,2K,2000,2.2K,2200
450,abbieherbert,AbbieHerbert,13.8M,13800000,3.7M,3700000,400.7K,400700,917,917,581,581
451,lyricoo__, ü è Ä…™·¥Ñ·¥è·¥è,1.2M,1200000,1.3M,1300000,165.7K,165700,1.7K,1700,8.6K,8600
452,mateus_hwang,Mateus Hwang,1.9M,1900000,1.9M,1900000,136.8K,136800,5.8K,5800,2.6K,2600
453,bswagggy,shaggy,16.8K,16800,1.2M,1200000,294.6K,294600,1.3K,1300,5.1K,5100
454,talalionaire,ÿ∑ŸÑÿßŸÑŸäŸàŸÜŸäÿ±,905.6K,905600,2.9M,2900000,195.1K,195100,2K,2000,1.8K,1800
455,bigweirdworld,bigweirdworld,1.5M,1500000,1.1M,1100000,304.2K,304200,2K,2000,4.5K,4500
456,yurielkysojeda,Yurielkys Ojeda üï∑,14.8M,14800000,2.2M,2200000,277.3K,277300,1.3K,1300,2.3K,2300
457,cemresolmaz,cemre solmaz,10.4M,10400000,2M,2000000,137K,137000,6.2K,6200,1.7K,1700
458,mrwhosetheboss,Arun Maini,1.5M,1500000,3.8M,3800000,447.5K,447500,964,964,300,300
459,kjsmoothh,Kjsmoothh,2.5M,2500000,1.8M,1800000,254.4K,254400,2.9K,2900,1.8K,1800
460,juaniquilador,JuanSGuarnizo,10.5M,10500000,2M,2000000,364.9K,364900,1.8K,1800,1.1K,1100
461,itsmenicksmithy,Nick Smithyman ü§ì,7.9M,7900000,2.2M,2200000,305.5K,305500,1.7K,1700,1.4K,1400
462,khalidzain124,ÿÆÿßŸÑÿØ ÿ≤ŸäŸÜ,1.7M,1700000,2.6M,2600000,223.9K,223900,1.6K,1600,2K,2000
463,colewherld,colegonzales,5.3M,5300000,2.9M,2900000,277.1K,277100,977,977,1.6K,1600
464,000072mr,La beba,341.3K,341300,2M,2000000,283.2K,283200,1.2K,1200,2.4K,2400
465,ksi,KSI,9.8M,9800000,2.5M,2500000,178.6K,178600,4.4K,4400,178,178
466,alexojeda,Alex Ojeda üá≤üáΩ,8.1M,8100000,2.6M,2600000,272.6K,272600,802,802,2.2K,2200
467,j3ipy_,Jeipy,8.2M,8200000,1.7M,1700000,354.4K,354400,2.3K,2300,1.1K,1100
468,louuuyoung,louuuyoung,709.7K,709700,872.9K,872900,137.9K,137900,4.4K,4400,12.6K,12600
469,arafat.buffon,ü¶Öüåëÿπÿ±ŸÅÿßÿ™ ÿ®ŸàŸÅŸàŸÜüåëü¶Ö,1.4M,1400000,4.3M,4300000,246.7K,246700,460,460,1.5K,1500
470,reem_alsawas,ÿ±ŸäŸÖ ÿßŸÑÿ≥Ÿàÿßÿ≥,1.9M,1900000,3.9M,3900000,162.3K,162300,1.1K,1100,2.1K,2100
471,ahmedksontini2,Ahmed Ksontini,643.3K,643300,2.1M,2100000,77K,77000,0,0,12.6K,12600
472,mostafa.ashraf14,Mostafa Ashraf,1.7M,1700000,2.8M,2800000,268K,268000,1.2K,1200,1.5K,1500
473,arigameplays,AriGameplays,23.2M,23200000,2.8M,2800000,320.7K,320700,1.4K,1400,867,867
474,bela,Bela,8.8M,8800000,2.7M,2700000,390.7K,390700,936,936,982,982
475,senaitalo,italosenaoficial,2.6M,2600000,2.1M,2100000,198.8K,198800,1.5K,1500,3.3K,3300
476,kozuehayashii,Kozue,7M,7000000,2.6M,2600000,466.2K,466200,370,370,1.3K,1300
477,elrodcontreras,RODü´†,41.6M,41600000,2M,2000000,254.5K,254500,3.5K,3500,413,413
478,kwechi_,Kwes,377.9K,377900,1.6M,1600000,283.3K,283300,1.5K,1500,2.8K,2800
479,5ifvi,ùôèùôÉùôÄ ùòøùòºùôçùôÜ ùôéùôÑùòøùôÄ,1.4M,1400000,2.4M,2400000,199K,199000,410,410,3.7K,3700
480,druskitv,DRUSKI,3.7M,3700000,1.3M,1300000,241K,241000,1.3K,1300,4.9K,4900
481,dearra,De‚Äôarra Taylor,3.7M,3700000,2.5M,2500000,458.4K,458400,792,792,923,923
482,briggi_bozzo,Briggitte Bozzo,23.9M,23900000,5.2M,5200000,361.9K,361900,787,787,245,245
483,flavinhalouise,Flavinhalouise,12.2M,12200000,3.2M,3200000,167.7K,167700,709,709,2.8K,2800
484,pailita.k7k,Pailita,1.2M,1200000,1.6M,1600000,257.4K,257400,2.7K,2700,2.1K,2100
485,itskingchris,KingChristian,17.2M,17200000,1.6M,1600000,299.7K,299700,2.8K,2800,1.3K,1300
486,mikaylanogueira,Mikayla Nogueira,13.5M,13500000,2.2M,2200000,320.3K,320300,2.3K,2300,411,411
487,rdcworld1,Mark Phillips,3.1M,3100000,1M,1000000,227.6K,227600,1.2K,1200,6.7K,6700
488,charlieputh,Charlie Puth,19M,19000000,2M,2000000,324.8K,324800,1.9K,1900,937,937
489,bikedasher,BikeDasher,4.3M,4300000,2.5M,2500000,398K,398000,1.5K,1500,407,407
490,jonata_26,Jonataü§©,5.9M,5900000,1.9M,1900000,319.6K,319600,646,646,2.5K,2500
491,devincaherly,Devin Caherly,8.5M,8500000,4M,4000000,444.9K,444900,894,894,147,147
492,basementgang,Basement Gang,5.7M,5700000,1.4M,1400000,296K,296000,1.5K,1500,2.9K,2900
493,soysaucer,fivar,1M,1000000,2M,2000000,272.8K,272800,790,790,2.7K,2700
494,abo.zizo,€©‚ô•€© ÿπÿßÿ¶ŸÑÿ© ÿßÿ®Ÿà ÿ≤Ÿäÿ≤Ÿà €©‚ô•€©,4.7M,4700000,3.7M,3700000,225.3K,225300,723,723,1.5K,1500
495,spriteder_spd,Prite Netijen Netirattanapaiboon,4.1M,4100000,3.6M,3600000,434.9K,434900,845,845,334,334
496,ugolord,‚öñÔ∏è The TikTok Attorney ‚öñÔ∏è,6.3M,6300000,1.9M,1900000,186K,186000,4.9K,4900,369,369
497,iamkailan,KAILAN üíöüíõ,3.9M,3900000,2.4M,2400000,219.9K,219900,1.3K,1300,2.2K,2200
498,lorengray,Loren Gray,54.6M,54600000,3.1M,3100000,358.7K,358700,879,879,761,761
499,daniuniverse,Dani Universe,9.7M,9700000,3.1M,3100000,322K,322000,956,956,867,867
500,ser_jay,Hello It‚Äôs me SerJay,5.3M,5300000,1.4M,1400000,226.2K,226200,2.5K,2500,3.5K,3500
501,alexwaarren,Alex warren,15.5M,15500000,2.4M,2400000,419.8K,419800,992,992,809,809
502,lkzinhu,LK,17.2M,17200000,2.6M,2600000,306.5K,306500,998,998,1.3K,1300
503,joaoferdnan,Jo√£o Ferdnan,8.1M,8100000,1.7M,1700000,173.5K,173500,2.1K,2100,4K,4000
504,taossenpai,tao's senpai,635.7K,635700,1.2M,1200000,219.6K,219600,1.4K,1400,5.3K,5300
505,isaach.p,Isaac H.P,3.1M,3100000,1.4M,1400000,217.2K,217200,3.5K,3500,2.3K,2300
506,maddy.leah3,Not me,246.2K,246200,2M,2000000,196.3K,196300,4.3K,4300,237,237
507,jordanavucetic,jordanavucetic,2.8M,2800000,1.1M,1100000,224.2K,224200,5.2K,5200,2.1K,2100
508,carlevellyn,Carla Evellyn,1.7M,1700000,2M,2000000,349.6K,349600,2K,2000,572,572
509,chinguamiga,Chingu Amiga,20.1M,20100000,2.5M,2500000,469.4K,469400,1.1K,1100,377,377
510,elpugaa,Puga,9.9M,9900000,2M,2000000,220.9K,220900,341,341,3.7K,3700
511,reymbayang,Rey,3.4M,3400000,1.3M,1300000,253K,253000,2K,2000,3.4K,3400
512,tommyunold,Tommy,11.3M,11300000,2.3M,2300000,317.8K,317800,2.2K,2200,172,172
513,adamw,Adam W,16.9M,16900000,2.4M,2400000,266.3K,266300,915,915,1.8K,1800
514,anna..paull,Anna Paul,5.2M,5200000,2.4M,2400000,424.7K,424700,1.3K,1300,375,375
515,djadelilyes,Ilyes Djadel,390K,390000,2.1M,2100000,311.8K,311800,1.1K,1100,1.6K,1600
516,kronnozomberoficial,KronnoZomber,728.2K,728200,1.4M,1400000,289.1K,289100,2.1K,2100,2.3K,2300
517,outtpig,OuttPig,2.1M,2100000,1.5M,1500000,341K,341000,1.6K,1600,1.7K,1700
518,rosssmith,Ross Smith,22.9M,22900000,1.5M,1500000,156.1K,156100,927,927,6.3K,6300
519,glencachysaraofficial,glenca chysara,8.1M,8100000,4.5M,4500000,212.3K,212300,1.3K,1300,522,522
520,pumatheweirdo,Cat Puma,2.4M,2400000,1.5M,1500000,183K,183000,722,722,5.5K,5500
521,twinsjne,Twinsjne üçì,1.1M,1100000,2.4M,2400000,486.9K,486900,783,783,665,665
522,andcarli,Andcarli,11.7M,11700000,6.3M,6300000,212.2K,212200,684,684,578,578
523,mclivinho,Mc Livinho,4M,4000000,2.2M,2200000,312.2K,312200,1.4K,1400,1K,1000
524,mrmilothechonk,Erika and Milo,2.1M,2100000,1.5M,1500000,313.6K,313600,1.3K,1300,2.2K,2200
525,kimmigneault,Kim Migneault,7.1M,7100000,3.1M,3100000,358.7K,358700,539,539,971,971
526,unnecessaryinventions,Unnecessary Inventions,5.3M,5300000,2.4M,2400000,377.9K,377900,1.4K,1400,451,451
527,hunterprosper,Hunter Prosper,5.1M,5100000,1.7M,1700000,320.8K,320800,1K,1000,2.1K,2100
528,bulochkapelmen,BULOCHKAüá®üá≥üá∫üá¶,3M,3000000,2.9M,2900000,184.8K,184800,1.9K,1900,1.2K,1200
529,louka__m,Louka,2.5M,2500000,1.9M,1900000,354.3K,354300,1.2K,1200,1.4K,1400
530,folz.aa,folz.a,1.2M,1200000,1.1M,1100000,192.3K,192300,1.8K,1800,6K,6000
531,iloveyourmomscatt,,8.2K,8200,1.3M,1300000,159.3K,159300,4.9K,4900,3.3K,3300
532,austinandlexi,‚ö°Ô∏èAustin & Lexi üí•,4M,4000000,1.8M,1800000,332.6K,332600,1.1K,1100,1.7K,1700
533,lehvideira,Lethicia Videira,7.8M,7800000,903.6K,903600,145.1K,145100,1.7K,1700,10.8K,10800
534,nathalieholscher14,Nathalie Holscher,7.2M,7200000,3.5M,3500000,295.7K,295700,936,936,647,647
535,sa_h700,ÿµÿßŸÑÿ≠ ÿßŸÑÿ≥ÿ®Ÿäÿ±‚ú®,417.4K,417400,2M,2000000,201.7K,201700,1.6K,1600,2.5K,2500
536,ayanakamachi,‰∏≠Áî∫Á∂æ,1.5M,1500000,3M,3000000,204.2K,204200,1.1K,1100,1.6K,1600
537,sebasmorenooo,Sebastian Moreno üì∏,5.1M,5100000,3.3M,3300000,293.7K,293700,1.4K,1400,300,300
538,larrayeeee,LARRAY,26.3M,26300000,2M,2000000,351.2K,351200,2K,2000,364,364
539,le_general_416,tonton G üá´üá∑,2.3M,2300000,4.7M,4700000,214.7K,214700,762,762,847,847
540,everett,Everett Noble,10M,10000000,1.9M,1900000,441.4K,441400,768,768,1.2K,1200
541,mcsilsiloficial,@mcsilsiloficial,7.2M,7200000,1.6M,1600000,123.3K,123300,2.5K,2500,6K,6000
542,alezha.obukhov,–ê–ª–µ–∂–∞ –û–±—É—Ö–æ–≤,1.3M,1300000,2.6M,2600000,309.2K,309200,1.1K,1100,851,851
543,dermdoctor,DermDoctor | Dr. Shah,16.6M,16600000,3.5M,3500000,248.6K,248600,1K,1000,826,826
544,abbycasselberry,Abby Casselberry,1.9M,1900000,1.8M,1800000,348.3K,348300,1K,1000,1.6K,1600
545,annapep3,ANNA,1M,1000000,1.7M,1700000,337.1K,337100,1.3K,1300,1.5K,1500
546,fabru_blacutt,Fabru,18.1M,18100000,2.2M,2200000,242.9K,242900,2.4K,2400,562,562
547,songsforlittles,Ms Rachel,1.1M,1100000,2.6M,2600000,187.5K,187500,1.6K,1600,1.7K,1700
548,marktilbury,Mark Tilbury - YouTuber & CEO,7.2M,7200000,2.3M,2300000,224.5K,224500,620,620,2.4K,2400
549,georainbolt,georainbolt,1.2M,1200000,1.5M,1500000,247.1K,247100,2K,2000,2.3K,2300
550,navacarlosss,Carlos Navarro ü•á,131.3K,131300,1.7M,1700000,98.8K,98800,353,353,8.9K,8900
551,lagranjadelborrego,La granja del borrego,11.1M,11100000,3M,3000000,349.9K,349900,919,919,581,581
552,morimura,MoriMuraüçï,8.4M,8400000,1.5M,1500000,315.4K,315400,1.5K,1500,1.8K,1800
553,oliviadearlove2,olivia-2002,17.4K,17400,3M,3000000,175.9K,175900,1.6K,1600,1.3K,1300
554,eltonjohn,Elton John,2.1M,2100000,2.8M,2800000,66.8K,66800,2K,2000,6.2K,6200
555,conormaynard,Conor Maynard,6.8M,6800000,1.7M,1700000,160.4K,160400,2.5K,2500,3.1K,3100
556,duncanyounot,Duncan Joseph,4.3M,4300000,1.4M,1400000,366.5K,366500,1.3K,1300,1.7K,1700
557,jrizzyjeremy,jrizzyjeremy,69.1K,69100,3.1M,3100000,225.2K,225200,768,768,1.4K,1400
558,ahmadmahroom99,Ahmad Mahroom,1.3M,1300000,3.3M,3300000,143.5K,143500,923,923,2.3K,2300
559,avascreams,ava,705K,705000,1.2M,1200000,372.6K,372600,2.8K,2800,639,639
560,erijasjas,Jasel,597.9K,597900,1.8M,1800000,385.5K,385500,685,685,1.5K,1500
561,artistliilz_,Liilz üöÄ,342.6K,342600,1.6M,1600000,240K,240000,2.9K,2900,973,973
562,willian99music,·¥° 99 ·¥ç ‚òä,720.3K,720300,1.6M,1600000,143.5K,143500,188,188,6.3K,6300
563,cauamacedo,Cau√£ Macedo,11.4M,11400000,1.6M,1600000,231K,231000,2.9K,2900,1.1K,1100
564,sabrenorris,Sabre Norris,3.6M,3600000,1.8M,1800000,186.9K,186900,4.1K,4100,329,329
565,youshi_maru,„ÇÜ„ÅÜ„Åó„Åæ„Çã,83.6K,83600,1.9M,1900000,145.2K,145200,1.1K,1100,4.4K,4400
566,mdrr05,üëªŸÖÿ±ŸàÿßŸÜ Ÿ±ŸÑÿ®ÿ¢ÿ™ŸÜŸäüá©üáø,3M,3000000,3M,3000000,112.6K,112600,1.4K,1400,2.9K,2900
567,deandreee,DeAndre,1.9M,1900000,1.9M,1900000,315.1K,315100,826,826,1.6K,1600
568,werenotreallystrangers,WNRS,4.4M,4400000,1.7M,1700000,329.5K,329500,1.5K,1500,1.2K,1200
569,poki,pokimane,6.3M,6300000,2.3M,2300000,234.8K,234800,2.1K,2100,667,667
570,zbor0vska,Zborovska,1.1M,1100000,1.9M,1900000,288.9K,288900,1.4K,1400,1.3K,1300
571,7odzz,7oda Einoüî•üòµ,4.5M,4500000,2.2M,2200000,162.7K,162700,1.6K,1600,2.5K,2500
572,roportajadam,Mahsun Karaca,1.1M,1100000,2.1M,2100000,125.4K,125400,411,411,5.1K,5100
573,nadirdearabier,Nadirdearabier,1.1M,1100000,2.1M,2100000,185.1K,185100,3K,3000,694,694
574,aydenmekus,AYDEN MEKUS,11.5M,11500000,2.1M,2100000,204.7K,204700,2.9K,2900,491,491
575,thegnshow,The Graham Norton Show,1.7M,1700000,2.9M,2900000,287.8K,287800,421,421,1.3K,1300
576,ladydianka,LADY BUNNYüê∞,9.1M,9100000,1.5M,1500000,189.9K,189900,3.4K,3400,1.6K,1600
577,skuratof,Anton Skuratov,623.2K,623200,1.8M,1800000,151.3K,151300,793,793,4.4K,4400
578,saray.____,Saray,67.9K,67900,1.4M,1400000,85.6K,85600,2.7K,2700,9.4K,9400
579,kieram.litchfield,Kieram Litchfield,2.2M,2200000,1.4M,1400000,190.8K,190800,2.6K,2600,2.8K,2800
580,laurence_benson,Laurence Benson,2.1M,2100000,2.9M,2900000,293K,293000,1.4K,1400,240,240
581,mohamed.hesham.official,ŸÖÿ≠ŸÖÿØ Ÿáÿ¥ÿßŸÖ,563.5K,563500,1.5M,1500000,43.7K,43700,380,380,21.1K,21100
582,jaywheeler,Jay Wheeler,5.4M,5400000,1.6M,1600000,249.8K,249800,856,856,2.7K,2700
583,itsmatheuscosta,Matheus Costa,5M,5000000,1.4M,1400000,205.8K,205800,2K,2000,2.8K,2800
584,soanhvadiephihi,Soanh x Di·ªáp,3.1M,3100000,3.1M,3100000,328.4K,328400,864,864,533,533
585,roadrunnerpete,Pete 1k,72.2K,72200,926.4K,926400,151.6K,151600,2K,2000,8K,8000
586,danivallem,Dani Valle,4.8M,4800000,1.2M,1200000,86.3K,86300,963,963,12.4K,12400
587,com.hyuga1117,„Äê„Ç≥„É†„Éâ„ÉÉ„Éà„Äë „Å≤„ÇÖ„ÅÜ„Åå,1.1M,1100000,1.5M,1500000,165.8K,165800,4.7K,4700,993,993
588,jasonderulo,Jason Derulo,53M,53000000,6.8M,6800000,186.9K,186900,887,887,194,194
589,bilalfadilii,Bilal Fadili,1.3M,1300000,1.6M,1600000,190.5K,190500,2K,2000,2.6K,2600
590,mandrake1984real,Giuseppe Mandrake Ninno,1.3M,1300000,1.4M,1400000,170.3K,170300,891,891,4.9K,4900
591,kerri_okie,Kerri,3.1M,3100000,1.1M,1100000,137.3K,137300,4.8K,4800,4.3K,4300
592,championsleague,Champions League,16M,16000000,2.3M,2300000,293.5K,293500,823,823,1.2K,1200
593,luvjunior14,j ‚ù§Ô∏è,560.3K,560300,1.6M,1600000,432.8K,432800,1.4K,1400,610,610
594,sallyalawady1,Sally Alawady,4.1M,4100000,3.4M,3400000,187.8K,187800,1.7K,1700,446,446
595,felipenpv,Felipe Paiva,3.5M,3500000,1.7M,1700000,259.6K,259600,1.8K,1800,1.3K,1300
596,neitor.exe,Neitor,2.9M,2900000,2M,2000000,307.8K,307800,1.6K,1600,709,709
597,camilo,Camilo,28.8M,28800000,2.4M,2400000,275.9K,275900,567,567,1.5K,1500
598,thelondoncharles,London Charles,6M,6000000,1.7M,1700000,374.9K,374900,1.4K,1400,751,751
599,keemokazi,KEEMOKAZI,30.1M,30100000,2.8M,2800000,351.9K,351900,1.1K,1100,258,258
600,frantastiktok,Fran Carneros,1.5M,1500000,2.1M,2100000,458.4K,458400,587,587,807,807
601,elissadeheart,Elissa DeHeart,2.3M,2300000,2M,2000000,292.4K,292400,974,974,1.3K,1300
602,soulzang,ŸÜÿ∏ÿßŸÖ,293.5K,293500,796.6K,796600,218.3K,218300,2K,2000,5.7K,5700
603,sweeettails,SweeetTails,2.8M,2800000,1.4M,1400000,164.4K,164400,828,828,5K,5000
604,kane,kane,3.2M,3200000,1.8M,1800000,221.8K,221800,1.3K,1300,2K,2000
605,dreamlifex0,üßö ‚ú®Dream life‚ú®,569.2K,569200,1.2M,1200000,134.1K,134100,5.3K,5300,2.7K,2700
606,omahi.tiktok,OMAHI,14.7M,14700000,3.5M,3500000,391.9K,391900,777,777,188,188
607,tsezy,Tommy,4.8M,4800000,2M,2000000,253.5K,253500,1.9K,1900,735,735
608,albertinasacaca1,Albertina Sacaca Cal,6.5M,6500000,2.6M,2600000,241.7K,241700,1.6K,1600,505,505
609,brilionaire,model kentangüçü,4.4M,4400000,2.2M,2200000,229.4K,229400,612,612,2K,2000
610,wigofellas,wigofellas,34.4M,34400000,2.6M,2600000,158.9K,158900,1.9K,1900,1.2K,1200
611,_.anime.edits_0,video,97K,97000,1.7M,1700000,75.6K,75600,1.5K,1500,8.7K,8700
612,christianfabiannn,Christian Fabian,13.4M,13400000,2.2M,2200000,311.9K,311900,1.8K,1800,130,130
613,gzfoodqood,Foodqood by Giallozafferano,18.5M,18500000,4.3M,4300000,213.3K,213300,412,412,1K,1000
614,thephysicshouse,The Physics House,592.4K,592400,1.8M,1800000,307.7K,307700,1.9K,1900,507,507
615,benedictpolizzi,benedict polizzi,2M,2000000,3.6M,3600000,360.2K,360200,230,230,775,775
616,main_and_aseel,Main & Aseel,1.3M,1300000,3M,3000000,178.1K,178100,1.4K,1400,1.1K,1100
617,ahmedhelmy,Ahmed Helmy,7M,7000000,2.6M,2600000,184.4K,184400,952,952,1.8K,1800
618,analisseworld,Analisseworld,10.4M,10400000,1.9M,1900000,358.6K,358600,652,652,1.3K,1300
619,zoecolletti,Zoe Colletti,2.2M,2200000,1.8M,1800000,209.7K,209700,3K,3000,429,429
620,k4554ndr4,kassandra ü™ê,978K,978000,1M,1000000,280.4K,280400,1.8K,1800,2.7K,2700
621,kenchanachaisit,Ken Chanachai,405.8K,405800,2M,2000000,184.6K,184600,1.4K,1400,2.1K,2100
622,sidaivan,sdvn,89.8K,89800,2.3M,2300000,149.9K,149900,2.2K,2200,1.5K,1500
623,mrcaqui,Facundo Izquierdo,6.8M,6800000,978K,978000,264.5K,264500,833,833,4.1K,4100
624,rubxnillo,Rubenillo,508.1K,508100,3.8M,3800000,279K,279000,282,282,925,925
625,com.yamato0515,„Äê„Ç≥„É†„Éâ„ÉÉ„Éà„Äë„ÇÑ„Åæ„Å®,1.9M,1900000,1.2M,1200000,176.4K,176400,4.3K,4300,1.7K,1700
626,brentfordfc,Brentford FC,1.2M,1200000,1.9M,1900000,252.3K,252300,1.6K,1600,1.1K,1100
627,dede_harlan_,Dede Harlan,295.6K,295600,957.7K,957700,228.1K,228100,1.9K,1900,3.8K,3800
628,yurinya1128,„ÇÜ„Çä„Å´„ÇÉ,647.3K,647300,2.3M,2300000,162.3K,162300,2.5K,2500,787,787
629,hannahkelekacook,Hannah & Regal,3.3M,3300000,1.7M,1700000,231.8K,231800,2.7K,2700,444,444
630,marilynl19,user1692838440296,995.2K,995200,1.1M,1100000,162.3K,162300,4.4K,4400,2.5K,2500
631,dixiedamelio,dixie,57.4M,57400000,2.4M,2400000,220.5K,220500,1.9K,1900,424,424
632,somi_official_,JEON SOMI,7M,7000000,1.5M,1500000,329.6K,329600,2K,2000,496,496
633,leanbeefpatty,Patty,5.8M,5800000,1.8M,1800000,277.7K,277700,1.5K,1500,1K,1000
634,viki_tory88,–í–∏–∫–∞ & –ñ–µ–Ω—è,310.6K,310600,1.9M,1900000,48.8K,48800,208,208,12.9K,12900
635,jakekrantz,Jake Krantz,2.2M,2200000,1.3M,1300000,261.9K,261900,701,701,3K,3000
636,momonatamada,Momona Tamada,4.4M,4400000,1.7M,1700000,359.3K,359300,1.8K,1800,279,279
637,bankkamo46_,bankkamo46_ü¶ñ,1.3M,1300000,1.5M,1500000,204.7K,204700,1.1K,1100,3K,3000
638,surthycooks,Surthany hejeij,9.5M,9500000,2.5M,2500000,273.6K,273600,1.4K,1400,353,353
639,sofiaespanha,sofia espanha,4.6M,4600000,1.9M,1900000,284.8K,284800,1.3K,1300,996,996
640,waspycraft1,Waspycraft,194.4K,194400,2.3M,2300000,188.6K,188600,922,922,1.9K,1900
641,michou_yt,Michou,7.4M,7400000,2.4M,2400000,266.7K,266700,1.5K,1500,341,341
642,rachsullivan__,Rach Sullivan,1.5M,1500000,2M,2000000,370.2K,370200,739,739,927,927
643,piperrockelle,‚ô•Ô∏èPiper Rockelle‚ô†Ô∏è,10.4M,10400000,1.9M,1900000,158.4K,158400,3.6K,3600,543,543
644,elmercanchi,Que chimba sog,1.8M,1800000,1.9M,1900000,138.2K,138200,691,691,3.9K,3900
645,danielzencon,Daniel Zenteno Const,36.6K,36600,1.2M,1200000,174.3K,174300,1.1K,1100,4.6K,4600
646,dennysumargoreal,DENNY SUMARGO,3.3M,3300000,3.5M,3500000,187.2K,187200,1.4K,1400,386,386
647,jakeandrich,Jake Andrich / Jakipz,14.6M,14600000,2.1M,2100000,164.2K,164200,1.6K,1600,1.9K,1900
648,andreluizframbach,Andr√© Luiz Frambach,1.4M,1400000,3.6M,3600000,216.2K,216200,285,285,1.3K,1300
649,6666pd,666,285.7K,285700,924.5K,924500,153.3K,153300,422,422,7.9K,7900
650,skaijackson,Skai Jackson ü•∞,20.1M,20100000,2.1M,2100000,441.5K,441500,899,899,372,372
651,nickrowedder,Nicoly Amanda Rowedder,457.7K,457700,1M,1000000,264.3K,264300,1.7K,1700,2.7K,2700
652,esneni,Stefano Da Cunha,4.4M,4400000,1.4M,1400000,283.1K,283100,2.5K,2500,477,477
653,bellafoodie,Julie & Bella,4.2M,4200000,2.4M,2400000,313.7K,313700,474,474,1.1K,1100
654,guywithamoviecamera,reece,981.5K,981500,1.4M,1400000,329K,329000,1.1K,1100,1.4K,1400
655,chocopla_osada,„ÉÅ„Éß„Ç≥„É¨„Éº„Éà„Éó„É©„Éç„ÉÉ„ÉàÈï∑Áî∞(„Ç™„Çµ„ÉÄ),688.4K,688400,2.3M,2300000,107.9K,107900,977,977,3.8K,3800
656,jaydafnwayda,JAYDA WAYDA,3.7M,3700000,1.6M,1600000,230.7K,230700,1K,1000,2.2K,2200
657,abusrwal1996,abusrwal1996,1.4M,1400000,1.7M,1700000,190.6K,190600,2.1K,2100,1.4K,1400
658,luara,Luara,22.6M,22600000,2.7M,2700000,185.9K,185900,1.9K,1900,403,403
659,cesarpantoja.n,Cesar Pantoja,14M,14000000,2.2M,2200000,347.1K,347100,1.2K,1200,283,283
660,islasvlogs_,Islas Vlogs,2.4M,2400000,2.9M,2900000,313.7K,313700,842,842,416,416
661,postmalone,Post Malone,12.8M,12800000,1.9M,1900000,176K,176000,1.4K,1400,2K,2000
662,ana_eusse,Ana Maria,13.3M,13300000,3M,3000000,392.2K,392200,825,825,141,141
663,jeromepolin98,Jerome Polin,4.7M,4700000,1.5M,1500000,231.1K,231100,2.4K,2400,924,924
664,good.boy.ollie,Good Boy Ollie,4.2M,4200000,997.6K,997600,250.3K,250300,1.4K,1400,3.2K,3200
665,huntersolo,Hunter,2.4M,2400000,2.6M,2600000,399.4K,399400,709,709,383,383
666,frigerrr,Friger,828.6K,828600,1.3M,1300000,327.9K,327900,1.1K,1100,1.5K,1500
667,trungruoi93,Trung Ru·ªìi,2.1M,2100000,3.7M,3700000,112.6K,112600,639,639,2.1K,2100
668,riyukabunga,RiyukaBunga,2.9M,2900000,1.9M,1900000,132.4K,132400,2.3K,2300,2.3K,2300
669,nildachiaraviglio,NildaChiaraviglio,1M,1000000,1.5M,1500000,78.9K,78900,478,478,9.4K,9400
670,dina_kalanta,Dina_Kalanta,2.5M,2500000,3.1M,3100000,243.2K,243200,1.2K,1200,341,341
671,foodtimecali,Juan C | RECETAS FOODTIME,4.5M,4500000,1.5M,1500000,120.1K,120100,250,250,6K,6000
672,magalligjimenez,AvaSkyeStrong,952K,952000,2.8M,2800000,136.9K,136900,2.3K,2300,717,717
673,braceletsbyk_,kp crafts sf,274.1K,274100,1.7M,1700000,226.1K,226100,1.1K,1100,1.8K,1800
674,manja_faiez,Manja,1.1M,1100000,2.3M,2300000,142.7K,142700,1.1K,1100,2.3K,2300
675,firmanskd,ùôÜùôäùòæùòºùôâ,2.8M,2800000,1.4M,1400000,144.5K,144500,397,397,5.1K,5100
676,joe.bartolozzi,Joe Bartolozzi,19.8M,19800000,1.8M,1800000,293.3K,293300,1.8K,1800,379,379
677,itsniane,niane,1.7M,1700000,1.1M,1100000,128.9K,128900,2K,2000,5.9K,5900
678,melon.n.finn,Melon and Finn,1.5M,1500000,1M,1000000,213.9K,213900,1.9K,1900,3.3K,3300
679,khairulaming,Khairulaming,2M,2000000,1.7M,1700000,248.5K,248500,1.2K,1200,1.4K,1400
680,dudamaryah,dudamaryah,5.9M,5900000,2M,2000000,284.6K,284600,701,701,1.3K,1300
681,andresgjohnson,Andres Johnson256,4.1M,4100000,1.1M,1100000,186.4K,186400,935,935,4.5K,4500
682,luongthingocha,Ng√¢n H√†üçå,6M,6000000,2.4M,2400000,286.1K,286100,1.4K,1400,226,226
683,gergomezzz,Ger Gomez,1.7M,1700000,1.1M,1100000,210.3K,210300,1.3K,1300,3.3K,3300
684,dilanjaniyar_2,Emang Dilan namanya,2.6M,2600000,1.9M,1900000,228.5K,228500,1.9K,1900,603,603
685,raulbazanm,RAUL,5.7M,5700000,2.2M,2200000,184K,184000,964,964,1.8K,1800
686,tabithaswatosh,Tabs,12.5M,12500000,2.3M,2300000,362.2K,362200,1.1K,1100,203,203
687,iniganta,Ganta,986.8K,986800,1.3M,1300000,160.7K,160700,3.3K,3300,1.9K,1900
688,herranwalt,Herr Anwalt,5.7M,5700000,1.4M,1400000,177.7K,177700,2.6K,2600,1.8K,1800
689,kreebinnear,Bree Kinnear,58.4K,58400,1.8M,1800000,307.1K,307100,819,819,1.2K,1200
690,iamgeraldhuston,Gerald Huston,1.7M,1700000,1.5M,1500000,261.4K,261400,1.3K,1300,1.6K,1600
691,loayramadan10,üî•ŸÑÿ§Ÿä ÿ±ŸÖÿ∂ÿßŸÜüî•,1.1M,1100000,2.8M,2800000,190.5K,190500,760,760,1.3K,1300
692,madisonbeer,Madison Beer,17.9M,17900000,1.2M,1200000,224.4K,224400,2.7K,2700,1.3K,1300
693,...anddy_,ANDDY üê∫üåô,1.1M,1100000,937.1K,937100,141.9K,141900,7.3K,7300,792,792
694,meqs,Minecraft,2.7M,2700000,3.1M,3100000,136K,136000,1.1K,1100,1.5K,1500
695,charlotteless,charlotte,1.2M,1200000,2.4M,2400000,226.2K,226200,544,544,1.5K,1500
696,cristobalsoria,Crist√≥bal Soria,720.4K,720400,1.1M,1100000,111.4K,111400,3.8K,3800,4.9K,4900
697,hisoyvaleria,valeria üñ§,8.5M,8500000,1.4M,1400000,189K,189000,1K,1000,3K,3000
698,bennyvelour,Benny Velour,326.6K,326600,786.5K,786500,184.4K,184400,2.5K,2500,4.9K,4900
699,carlosferiag,Carlos Feria,40.1M,40100000,2.5M,2500000,203.7K,203700,1.9K,1900,163,163
700,pkcreedon,Pk514,200.4K,200400,1.4M,1400000,235.4K,235400,1.4K,1400,1.8K,1800
701,loganlisle,Logan Lisle,1.8M,1800000,1.7M,1700000,78.2K,78200,315,315,7.8K,7800
702,sunnyjutt1296,SunNy Jutt,2.2M,2200000,2M,2000000,204.5K,204500,1.4K,1400,1.2K,1200
703,mealsbymitch,Mitch ü•ò,1M,1000000,1.7M,1700000,95.4K,95400,951,951,5.4K,5400
704,patinscascavel,Vanessa Patins,3.5M,3500000,878.3K,878300,62.4K,62400,295,295,18.8K,18800
705,son_dan,Tr∆∞·ªùng S∆°n,1.4M,1400000,3.7M,3700000,185.1K,185100,670,670,841,841
706,zane,zane,6.4M,6400000,2M,2000000,323.8K,323800,775,775,863,863
707,didiwinx,Didi,5.2M,5200000,2M,2000000,289.7K,289700,1.3K,1300,575,575
708,rank.ali,ÿ±ŸÜŸÉ | Rnk,571.5K,571500,3.1M,3100000,144.4K,144400,1.7K,1700,630,630
709,farhakhalidi,Farha Khalidi,1.7M,1700000,2.2M,2200000,202.6K,202600,1.4K,1400,880,880
710,oli_natu,Oli Natu,10.1M,10100000,2.2M,2200000,305.3K,305300,749,749,777,777
711,fedez,fedez,5.8M,5800000,1.3M,1300000,229K,229000,1.4K,1400,2K,2000
712,wei__official,ÏúÑÏïÑÏù¥(WEi),1.4M,1400000,959.5K,959500,229.6K,229600,2.8K,2800,1.9K,1900
713,xuxameneghel,Xuxa,684.5K,684500,2.3M,2300000,177.2K,177200,1.8K,1800,716,716
714,jzgarcia,Jz Garcia,1.8M,1800000,969.2K,969200,233.9K,233900,1K,1000,3.5K,3500
715,blkk.1,BLK,470.5K,470500,1.6M,1600000,237.2K,237200,1.1K,1100,1.6K,1600
716,kodasteven,Stevenüáµüá∑,6M,6000000,1.5M,1500000,330.1K,330100,1.3K,1300,785,785
717,sampepper,Sam Pepper,4.2M,4200000,3.1M,3100000,227K,227000,799,799,642,642
718,tifannylm,‚ö°Ô∏èTEF,8.7M,8700000,2.8M,2800000,355.6K,355600,816,816,222,222
719,maithana9er,Maithana9er,2.1M,2100000,2.5M,2500000,96K,96000,2.7K,2700,1.7K,1700
720,carrydisini,Carry Disini,3.3M,3300000,3.1M,3100000,274.1K,274100,518,518,694,694
721,lockedinout,Lockedinout,5.1M,5100000,1.6M,1600000,210.4K,210400,883,883,2.1K,2100
722,pipepunk,Pipepunk,1.5M,1500000,951.4K,951400,235.2K,235200,962,962,3.5K,3500
723,rapaellcug,jaeja,868.7K,868700,923.1K,923100,194.6K,194600,2.4K,2400,3.2K,3200
724,michaeloftiktok,michaeloftiktok,1M,1000000,1.4M,1400000,186K,186000,1.4K,1400,2.5K,2500
725,mrnigelng,Nigel Ng (Uncle Roger),5.3M,5300000,2.1M,2100000,251.2K,251200,621,621,1.3K,1300
726,6footkillaa,6footkillaa,952.7K,952700,1.6M,1600000,257.2K,257200,1.8K,1800,588,588
727,haijoel,Haijoel,736.3K,736300,4M,4000000,192.2K,192200,1.1K,1100,231,231
728,esnyrrr,Esnyr,5.4M,5400000,1.6M,1600000,289.6K,289600,778,778,1.4K,1400
729,hairupkneesdownh0e,Ava Soto .,222.4K,222400,1.2M,1200000,170K,170000,3.9K,3900,946,946
730,morganveraa,Morgan Vera,5.7M,5700000,2M,2000000,238K,238000,1K,1000,1.1K,1100
731,laurahfritz,laura & lena,2.7M,2700000,1.3M,1300000,254.1K,254100,1.1K,1100,1.9K,1900
732,jdiasss_,Jo√£o Dias,7.8M,7800000,1.3M,1300000,265.4K,265400,1.8K,1800,1.2K,1200
733,greatekyroga,u can call me sasha,1.1M,1100000,1.1M,1100000,320.3K,320300,1.9K,1900,1K,1000
734,jomaryee,Jomar Yee,9M,9000000,2.3M,2300000,226.7K,226700,1.3K,1300,626,626
735,kikakiim,Kika Kim,31.7M,31700000,1.9M,1900000,220K,220000,1.7K,1700,646,646
736,pepperonimuffin,Kirsten Titus,7.9M,7900000,2.2M,2200000,433.5K,433500,809,809,225,225
737,shayvise,Shayvise,3.6M,3600000,2.1M,2100000,412.8K,412800,774,774,361,361
738,thejoeyswoll,Joey Swoll,5.3M,5300000,1.7M,1700000,240.8K,240800,2.2K,2200,322,322
739,kieuduylong16,Ki·ªÅu Duy Long ü¶ñ,2.4M,2400000,2.5M,2500000,243.9K,243900,1.4K,1400,220,220
740,sajads111,ÿ≥ÿ¨ÿßÿØ ÿ≥ŸÑŸÖÿßŸÜ,1.5M,1500000,2M,2000000,71.2K,71200,1.1K,1100,6K,6000
741,bobbialthoff,Bobbi,3.5M,3500000,2.9M,2900000,207.4K,207400,477,477,1.1K,1100
742,josefineholum,Josefineüë©üèΩ‚Äç‚öïÔ∏è,1.1M,1100000,1.5M,1500000,221.3K,221300,1.4K,1400,1.5K,1500
743,lyodrabeneran,Lyodra Ginting,1.6M,1600000,2.2M,2200000,172.5K,172500,1.4K,1400,1.1K,1100
744,armando_netto,Armando Netto,4.8M,4800000,2.1M,2100000,226.1K,226100,1.9K,1900,225,225
745,rachaeloneil,Rachael O'Neil,1M,1000000,2M,2000000,144K,144000,1.6K,1600,1.8K,1800
746,andremastijan,andre,786.7K,786700,1.2M,1200000,111.5K,111500,876,876,6.2K,6200
747,pamibabyy,pami ‚ô°,7.2M,7200000,1.7M,1700000,288.9K,288900,679,679,1.3K,1300
748,xawado,ÿßŸàÿßÿØŸà / awado  ü¶é,1.2M,1200000,1.7M,1700000,137.5K,137500,1.9K,1900,2.3K,2300
749,annafontanela,Anna Fontanela,3.9M,3900000,2.1M,2100000,313.4K,313400,1.2K,1200,292,292
750,aragonclyrics,@aragonclyrics,1.4M,1400000,1.3M,1300000,94.4K,94400,96,96,7.7K,7700
751,jadepicon,JADE PICON üå™,8.8M,8800000,2M,2000000,311.1K,311100,967,967,567,567
752,simpforatispaul,Mikaela Testa,2.7M,2700000,2.1M,2100000,355.1K,355100,853,853,423,423
753,legendasmania,Legendas Mania,767.9K,767900,1.1M,1100000,135.1K,135100,231,231,6.2K,6200
754,philiptanasas,philiptanasas,9.3M,9300000,2.2M,2200000,252.9K,252900,1.1K,1100,610,610
755,zainah.mb,Zainah & Minnie,1.2M,1200000,1M,1000000,208.1K,208100,1.1K,1100,3.2K,3200
756,ffrangomez,Fran G√≥mez,1.5M,1500000,1.4M,1400000,253.4K,253400,349,349,2.3K,2300
757,sibenitoo,SiBenitoo,5.6M,5600000,2.5M,2500000,185.7K,185700,1.5K,1500,598,598
758,benazelart,Ben Azelart,15.7M,15700000,2.6M,2600000,221.6K,221600,1.2K,1200,452,452
759,lgndfrvr,LGNDFRVR,17M,17000000,1.6M,1600000,200.5K,200500,1.1K,1100,1.8K,1800
760,worldofxtra,Stan Fukase,806.2K,806200,943.6K,943600,290.6K,290600,1.4K,1400,2K,2000
761,so.077,ÿ≥ŸàŸÖ,419.5K,419500,1.8M,1800000,119.1K,119100,2.7K,2700,1.8K,1800
762,ehgml._.16,ÍπÄÎèÑÏ∞å,400.7K,400700,1.4M,1400000,273.5K,273500,1.2K,1200,1.3K,1300
763,kelvinsabinoof,KelvinSabinoüåµ,1.5M,1500000,1M,1000000,156.8K,156800,2.7K,2700,3.2K,3200
764,bradley.thor,Thoren Bradley,5.7M,5700000,1.3M,1300000,142.4K,142400,1.8K,1800,3.2K,3200
765,anxietycouple,Anxiety couple,12.2M,12200000,2.4M,2400000,271K,271000,893,893,526,526
766,alostrich,Matt Mitchell,1M,1000000,1.1M,1100000,134.3K,134300,1K,1000,5.1K,5100
767,goharsguide,Gohar Khan,2.1M,2100000,2M,2000000,306K,306000,724,724,779,779
768,viliacarl,Vilia Carl,4.1M,4100000,2.8M,2800000,243.1K,243100,881,881,470,470
769,riaricis,Ria Ricis,28.6M,28600000,2.3M,2300000,242.7K,242700,764,764,878,878
770,k0uvr,Kouvr,13.6M,13600000,2.7M,2700000,422.5K,422500,562,562,240,240
771,jorgitoparrillero,Jorgito Parrillero,1.4M,1400000,1.5M,1500000,99.5K,99500,333,333,6K,6000
772,mell_editz0,È¨º ‚Ä¢ ùêÜ ùêé ùêâ ùêé,480.5K,480500,1.5M,1500000,229.9K,229900,1.5K,1500,1.1K,1100
773,homemdehonra,Homem De Honra,79.3K,79300,944.3K,944300,37.7K,37700,710,710,25K,25000
774,claragnds,Maria Clara Garcia,18.6M,18600000,1.9M,1900000,191.8K,191800,1.8K,1800,648,648
775,jakepaul,Jake Paul,16.7M,16700000,1.5M,1500000,156.4K,156400,2.3K,2300,1.6K,1600
776,albert_cancook,albert_cancook,8.1M,8100000,2.4M,2400000,265.2K,265200,829,829,624,624
777,soapinmymouthoncemore,tedwards,5.1K,5100,943.3K,943300,189.6K,189600,1.9K,1900,3.1K,3100
778,cirowhites1.0,CiroWhites,2.3M,2300000,1.7M,1700000,301.7K,301700,908,908,895,895
779,theshabakitchen,The Shaba Kitchen,2.1M,2100000,1.3M,1300000,114.1K,114100,1.8K,1800,4.3K,4300
780,rubiaramallho,Rubia Ramallho,2.7M,2700000,2.1M,2100000,156.4K,156400,613,613,2.1K,2100
781,bessan_esmail,ÿ®Ÿäÿ≥ÿßŸÜ ÿßÿ≥ŸÖÿßÿπŸäŸÑ - Bessan Ismail,11.3M,11300000,2.1M,2100000,160.5K,160500,1.4K,1400,1.3K,1300
782,ypk.raye,ypk.raye,4M,4000000,1.8M,1800000,332.5K,332500,890,890,642,642
783,edlyninbatangas,Boss Edlyn,925K,925000,2.3M,2300000,175K,175000,558,558,1.7K,1700
784,armandogreiser,Armando Greiser,52.4K,52400,621.4K,621400,112.5K,112500,1.3K,1300,11.4K,11400
785,internet.elise,elise,522.9K,522900,926.9K,926900,206.5K,206500,597,597,4K,4000
786,ikercasillas,Iker Casillas,2.7M,2700000,1.6M,1600000,191.8K,191800,2.1K,2100,783,783
787,rizwanfadilah.a.s,Njan üôà,1.6M,1600000,1M,1000000,205.2K,205200,2.2K,2200,2.1K,2100
788,bigdaddydmurph,Big Daddy Little Laur,1.3M,1300000,1.9M,1900000,125.1K,125100,1.4K,1400,2.4K,2400
789,fukada0318,Ê∑±Áî∞„Åà„ÅÑ„Åø,4.9M,4900000,2.6M,2600000,164K,164000,1.3K,1300,751,751
790,coleandersonj,Cole Anderson James,1.8M,1800000,1.4M,1400000,262.1K,262100,1.1K,1100,1.2K,1200
791,moneybagyo85,YouTube king von 1,55.1K,55100,4.4M,4400000,216.1K,216100,680,680,244,244
792,luisonfelix2,Luis Felix,395.4K,395400,2.3M,2300000,99.5K,99500,1.1K,1100,2.8K,2800
793,davidgetial,deivis,14.8M,14800000,1.9M,1900000,322.5K,322500,1.1K,1100,291,291
794,jezzzini,JEZZINI,2.5M,2500000,856.4K,856400,239K,239000,1.1K,1100,3.2K,3200
795,sherinicolee,sheri,14.3M,14300000,2.8M,2800000,263.2K,263200,1.1K,1100,103,103
796,fujiiian,Fuji,16.3M,16300000,2.2M,2200000,221.6K,221600,1.1K,1100,681,681
797,anardreams,ANAR DREAMS üíéüí∞,15.9M,15900000,3M,3000000,131.1K,131100,1.9K,1900,376,376
798,1_alkaisr_1,üî±üåπÿßŸÑŸÇŸäÿµÿ±üåπüî±,12.1M,12100000,1.9M,1900000,182.1K,182100,690,690,1.8K,1800
799,joslum,Jos√© L,13.4M,13400000,2.3M,2300000,364.9K,364900,779,779,252,252
800,erabii,Mohanaderabii,1.4M,1400000,2.1M,2100000,132.8K,132800,1.4K,1400,1.7K,1700
801,ycn.benz,üëëùñÑùï¨ùïÆùï¥ùïπùï∞üëë,132.1K,132100,1.3M,1300000,44K,44000,849,849,14.8K,14800
802,conradovillagra,·¥Ñ·¥è…¥ Ä·¥Ä,10.9M,10900000,3.2M,3200000,260.4K,260400,864,864,167,167
803,haniaheheofficiall,Hania Aamir,1.3M,1300000,2M,2000000,190.9K,190900,1.8K,1800,432,432
804,julesleblanc,jules,18.8M,18800000,2.2M,2200000,322.5K,322500,952,952,270,270
805,real_animasinopal,Animasinopal,1.8M,1800000,2.9M,2900000,277.7K,277700,451,451,619,619
806,vivinovikaa,Viviüß∏,999.1K,999100,1.6M,1600000,197.9K,197900,1.7K,1700,945,945
807,erikatitus,Erika,3.3M,3300000,1.6M,1600000,329.7K,329700,1.1K,1100,525,525
808,_amanndaraujo,Amanda Ara√∫jo,4.3M,4300000,3.5M,3500000,172.6K,172600,997,997,400,400
809,tuankiet.2000,Ki·ªát H√† T·ªãnh,4.6M,4600000,2.9M,2900000,216.5K,216500,1.1K,1100,268,268
810,madelineargy,madz,2.3M,2300000,1.5M,1500000,337.7K,337700,1.1K,1100,581,581
811,melon.228,Melon n√® !,1.9M,1900000,2.4M,2400000,185.6K,185600,1K,1000,868,868
812,joelsvnny,Joel Sunny,1.4M,1400000,1.1M,1100000,208.3K,208300,2.3K,2300,1.3K,1300
813,theandrewschulz,Andrew Schulz,4.1M,4100000,1.4M,1400000,192.9K,192900,613,613,2.6K,2600
814,littlebubbychild,Little Bubby Child,356.2K,356200,853.5K,853500,65.5K,65500,1.5K,1500,13.4K,13400
815,jeonifty,üê∞,250K,250000,800.4K,800400,235.7K,235700,1.2K,1200,3.2K,3200
816,annaxsitar,anna x,12M,12000000,2.6M,2600000,372.8K,372800,417,417,442,442
817,agustinlocutor,agustinlocutor,1.8M,1800000,1.6M,1600000,100K,100000,986,986,4.2K,4200
818,meosimmyyt,M√®o Simmy,4.6M,4600000,1.1M,1100000,137.1K,137100,4.7K,4700,626,626
819,bryceheemjames,Bryceüòà,834.6K,834600,1.4M,1400000,237.6K,237600,1.8K,1800,688,688
820,c4tluvr666,Kennedy Walsh,2.6M,2600000,1.6M,1600000,312.6K,312600,934,934,765,765
821,losariasbrothers,Los Arias,1.6M,1600000,1.6M,1600000,241.4K,241400,476,476,1.6K,1600
822,stainedhands,Devyn,1.6M,1600000,1.6M,1600000,335.3K,335300,359,359,1.2K,1200
823,romanlolo,Roman,2.6M,2600000,1.9M,1900000,170.4K,170400,2K,2000,579,579
824,slayeas,L√©a Martinez,3.9M,3900000,1.8M,1800000,239.7K,239700,837,837,1.1K,1100
825,mo_vlogs,movlogs,3.3M,3300000,4.9M,4900000,189.6K,189600,577,577,300,300
826,volvydooya,ÊüäVolvy,1.3M,1300000,1.1M,1100000,233.1K,233100,1.2K,1200,2K,2000
827,simoneberlini,SIMONE BERLINI,6.1M,6100000,1.6M,1600000,259.8K,259800,868,868,1.1K,1100
828,aileenchristineee,Aileenchristineee,5.8M,5800000,1.4M,1400000,224.1K,224100,681,681,1.9K,1900
829,funny_v.i.p,funny_v.i.p,9.5M,9500000,1.6M,1600000,196.5K,196500,476,476,2.1K,2100
830,barbaracoura,B√°rbara Coura,9.5M,9500000,1.4M,1400000,295.7K,295700,1K,1000,922,922
831,nada_m7amed,ÿØŸàÿØÿßü¶πüèªü§ç,6.4M,6400000,1.8M,1800000,190.8K,190800,812,812,1.5K,1500
832,yesimresmi1,~YE≈ûƒ∞M,17.1M,17100000,3.5M,3500000,122.5K,122500,1.1K,1100,765,765
833,hjevelyn,Evelyn Ha,2.8M,2800000,1.1M,1100000,245.9K,245900,2.4K,2400,661,661
834,wubzzy69,William,1.5M,1500000,911.9K,911900,194.8K,194800,1.7K,1700,2.7K,2700
835,onlyjayus,actuallyitsbella,18.2M,18200000,1.6M,1600000,237.4K,237400,1.6K,1600,503,503
836,nyx.lynnx,Nyx,202.6K,202600,1.6M,1600000,155.5K,155500,1.8K,1800,1.4K,1400
837,dhddecor,Design House Decor,76.5K,76500,1.1M,1100000,141.1K,141100,574,574,4.4K,4400
838,shoelover99,ophelia ü¶ã,8.9M,8900000,1M,1000000,169.2K,169200,4.2K,4200,481,481
839,alzoubinadia,Nadia Al-zou'bi,5.5M,5500000,1.5M,1500000,75.9K,75900,738,738,6.2K,6200
840,emilwarren1,Emil Warren,851.5K,851500,1.2M,1200000,211.3K,211300,2.6K,2600,617,617
841,clmnsbrock,CLMNS BROCK,1.6M,1600000,1.4M,1400000,152.8K,152800,532,532,3.3K,3300
842,alxjames,Alx James,2.2M,2200000,896.7K,896700,152.8K,152800,899,899,4.8K,4800
843,tanamongeaulol,Tana Mongeau,7.4M,7400000,2.1M,2100000,234.5K,234500,1.2K,1200,412,412
844,cassholland,Cass Holland,1.9M,1900000,1.9M,1900000,287.7K,287700,856,856,571,571
845,arfaytb,ARFAYTB,372.7K,372700,894.1K,894100,108.7K,108700,456,456,7.6K,7600
846,britneyspears,Britney Spears,7.1M,7100000,1.3M,1300000,107.8K,107800,3.5K,3500,2.3K,2300
847,h2balla,Hunter & Frank,3.2M,3200000,2M,2000000,234.2K,234200,1.4K,1400,274,274
848,elalfaeljeferd,ELALFAELJEFERD,1.3M,1300000,1.9M,1900000,198.6K,198600,639,639,1.4K,1400
849,adamsheey,Adam Shi,5.3M,5300000,1.2M,1200000,235.9K,235900,845,845,1.9K,1900
850,maxthemeatguy,Max The Meat Guy,4.9M,4900000,2.1M,2100000,273.1K,273100,622,622,720,720
851,iamauroramusic,AURORA,4M,4000000,1.6M,1600000,216.2K,216200,1.6K,1600,659,659
852,haritsuuu,„Éè„É™„ÉÑüåøÊ•µ,1.9M,1900000,1.8M,1800000,92.7K,92700,2.3K,2300,2.5K,2500
853,vidhia_r,üêáVidhi_Rüêá,7.2M,7200000,1.1M,1100000,151.5K,151500,2.9K,2900,1.7K,1700
854,t_400,ÿ¨ŸàŸÇŸäüíö,3.8M,3800000,1.5M,1500000,219.3K,219300,1.3K,1300,982,982
855,gabrielabee,GABI BEE,10M,10000000,1.2M,1200000,239.1K,239100,2.2K,2200,432,432
856,fyp,jack neel,8.6M,8600000,1.3M,1300000,245.4K,245400,1.9K,1900,535,535
857,dangthuhaf,ƒê·∫∑ng Thu H√†,980.5K,980500,2.5M,2500000,300.4K,300400,672,672,341,341
858,miguelito_peru,Miguel Alessandro,1.7M,1700000,1.8M,1800000,113.9K,113900,1K,1000,2.8K,2800
859,mesitaaa,Mesita,329.9K,329900,1.6M,1600000,326.8K,326800,611,611,886,886
860,munir.107,Munir | 107 Deportes,752.5K,752500,1.2M,1200000,88.4K,88400,371,371,6.7K,6700
861,plethoraklaus,grace‚òïÔ∏éÔ∏é,68.2K,68200,730.3K,730300,179.2K,179200,3.9K,3900,1.9K,1900
862,alexandramadison_,Alex and Jon,1.3M,1300000,971.2K,971200,135K,135000,552,552,5.2K,5200
863,playboyjuju,Playboyjuju,358.3K,358300,1.7M,1700000,120.1K,120100,2.4K,2400,1.3K,1300
864,beamngshorts,Beamng Shorts,2.8M,2800000,2.9M,2900000,158.9K,158900,1K,1000,630,630
865,susymourizz,Susy Mourizüå∑,8.4M,8400000,1.8M,1800000,212.2K,212200,1.5K,1500,470,470
866,themerkins,THE MERKINS,631.9K,631900,600.1K,600100,150.9K,150900,1.4K,1400,6.8K,6800
867,carloandsarah,carloandsarah,4M,4000000,2.1M,2100000,219.6K,219600,695,695,924,924
868,paupelaez_, ú·¥Ä…¥·¥á·¥ç…™ è·¥Ä,6.6M,6600000,1.2M,1200000,257.6K,257600,2.1K,2100,336,336
869,okichloeo,chloeo,3.7M,3700000,1.4M,1400000,188.2K,188200,1.9K,1900,962,962
870,mrs.wahlberg,Jenny McCarthy,1.9M,1900000,1.2M,1200000,147.8K,147800,3.2K,3200,986,986
871,apinyabunying,Apinya Bunying,215.6K,215600,1.5M,1500000,204.1K,204100,1.2K,1200,1.3K,1300
872,imanthonyvargas,Anthony Vargas,6.6M,6600000,1.8M,1800000,292.1K,292100,1.2K,1200,247,247
873,creatingwonders,Jesse J. Pedigo,11.6M,11600000,752.9K,752900,96.3K,96300,1.4K,1400,8.8K,8800
874,nalgalia.g,natiüëΩ,13.9M,13900000,1.6M,1600000,182.6K,182600,449,449,2.2K,2200
875,zeinazeee,Zeina Zee,3.8M,3800000,2.2M,2200000,185.6K,185600,820,820,990,990
876,notmarkharris,Mark,56.7K,56700,754.3K,754300,192.5K,192500,1.7K,1700,3.3K,3300
877,boywithuke,boywithuke,5.8M,5800000,1.6M,1600000,242.3K,242300,1.6K,1600,306,306
878,lilyxgarcia,Lily Garcia,12.3M,12300000,1.7M,1700000,248.5K,248500,972,972,760,760
879,rose.friederike,ROSE,3.9M,3900000,3.1M,3100000,123.9K,123900,974,974,930,930
880,kaylamalecc,kayla,8.3M,8300000,1.7M,1700000,277.3K,277300,1.4K,1400,128,128
881,theonlycb3,Charles Brockman III,6M,6000000,1M,1000000,235.1K,235100,2.1K,2100,1K,1000
882,carloscastroes,Carlos Castro,12.5M,12500000,1.6M,1600000,166.5K,166500,285,285,2.5K,2500
883,hf37777,ŸÜÿ¨ŸÖ ÿßŸÑÿ´ÿ±Ÿäÿßÿ°‚≠êH,455.3K,455300,1.1M,1100000,17.6K,17600,5.8K,5800,31.9K,31900
884,jfkexplainsjokes,JFK üíÄ,34.1K,34100,888.8K,888800,181.6K,181600,3.4K,3400,1.1K,1100
885,johnmicheal1996,Ricky & The Boss,4.3M,4300000,930.6K,930600,109.5K,109500,784,784,6.3K,6300
886,celinaspookyboo,Celina Myers,26M,26000000,1.6M,1600000,246.7K,246700,1.2K,1200,625,625
887,yg_treasure_tiktok,yg_treasure_official,4.4M,4400000,830.5K,830500,216.9K,216900,2.2K,2200,1.8K,1800
888,0808sakura,üå∏Ê°úüå∏,1.6M,1600000,1.2M,1200000,144.7K,144700,2.7K,2700,1.5K,1500
889,danethegreatt,Dane Lindfors,2.5M,2500000,1.3M,1300000,109.6K,109600,896,896,4.3K,4300
890,thedonato,thedonato,8.1M,8100000,1.3M,1300000,152.8K,152800,3.5K,3500,92,92
891,afrae.es,Afraa,6.6M,6600000,2.7M,2700000,185.7K,185700,594,594,860,860
892,rifirdus,RIFIRDUS,2.1M,2100000,2.1M,2100000,158.9K,158900,845,845,1.3K,1300
893,lilmabuu,Lil Mabu,958.1K,958100,2M,2000000,206.9K,206900,1.2K,1200,504,504
894,nadaahmed__1,ÿßŸÖ ÿÆÿØŸàÿØ  ŸÅÿ±ÿßŸàŸÑÿ©üòåüçì,907.4K,907400,2.2M,2200000,150.1K,150100,907,907,1.2K,1200
895,maxtaylorlifts,Max Taylor,8.9M,8900000,1.3M,1300000,231.2K,231200,1.2K,1200,1.2K,1200
896,daddyyankee,daddyyankee,12.1M,12100000,1.2M,1200000,197.8K,197800,1.8K,1800,1.2K,1200
897,imchef7,Heinz Wuth - Ciencia y Cocina,1.3M,1300000,1.3M,1300000,189.3K,189300,530,530,2.5K,2500
898,acdc,AC/DC,394.2K,394200,1.1M,1100000,182.2K,182200,879,879,2.6K,2600
899,subarumotorsportsusa,Subaru Motorsports USA,199.9K,199900,1M,1000000,161.9K,161900,840,840,3.4K,3400
900,in_the_nic_of_time,Nic Suarez,6.3M,6300000,2.4M,2400000,263.5K,263500,752,752,362,362
901,its.michhh,Michel Chavez,31.7M,31700000,1.9M,1900000,260.4K,260400,1.2K,1200,218,218
902,alwanr__,AlwanRK,6.9M,6900000,2.5M,2500000,237K,237000,630,630,558,558
903,hieubuiba,B√πi B√° Hi·∫øu,2.3M,2300000,2.8M,2800000,260.6K,260600,796,796,185,185
904,atom221220,üí¶ATOMüê¶,2.8M,2800000,1.3M,1300000,241.8K,241800,1.4K,1400,821,821
905,cedriklorenzen,Cedrik Lorenzen,2.9M,2900000,1.1M,1100000,115.3K,115300,2.3K,2300,3.2K,3200
906,aureliehermansyahatta,Aurelie Hermansyah,8.7M,8700000,2.1M,2100000,187.4K,187400,989,989,779,779
907,abopermak,abopermak,73K,73000,2.3M,2300000,69.7K,69700,2.6K,2600,1.7K,1700
908,therealdrmiami,Dr. Miami,1.8M,1800000,1.3M,1300000,270.6K,270600,681,681,1.3K,1300
909,47bato,Batu FuRkan,20.6K,20600,1.3M,1300000,172.5K,172500,1.1K,1100,2.1K,2100
910,priimoraa,Prii Moraa,16.1M,16100000,2M,2000000,345.5K,345500,293,293,726,726
911,dylanhoogerwerf,dylan hoogerwerf,2.2M,2200000,2.3M,2300000,271.4K,271400,779,779,318,318
912,reesewitherspoon,Reese Witherspoon,8.5M,8500000,1.5M,1500000,147.9K,147900,2.3K,2300,878,878
913,olisboa,LISBOA,3.3M,3300000,1.6M,1600000,262.9K,262900,601,601,1.1K,1100
914,altarvision,Rowan,167K,167000,1.1M,1100000,268.1K,268100,1.1K,1100,1.2K,1200
915,jakehunterofficial,Jake hunter,3.6M,3600000,2M,2000000,127.8K,127800,2.4K,2400,353,353
916,huddy,Huddy,32.2M,32200000,2M,2000000,147.9K,147900,1.8K,1800,529,529
917,ikerlafuente,Iker Lafuente ü´ß,153.5K,153500,1M,1000000,162.5K,162500,2.9K,2900,1.1K,1100
918,niallmacmillan,Niall MacMillan,5M,5000000,1.5M,1500000,123.2K,123200,973,973,2.7K,2700
919,nhabebap,üåΩ NH√É B√â B·∫ÆP üåΩ,2.3M,2300000,2.5M,2500000,267.8K,267800,689,689,319,319
920,lightskinmexican0,lightskinmexican0,127.3K,127300,746.1K,746100,119.8K,119800,824,824,6.7K,6700
921,elecherlee,Elecher Lee,135.9K,135900,1.5M,1500000,138.3K,138300,2.7K,2700,632,632
922,summerhays.bros,The Summerhays Bros,793.1K,793100,1.3M,1300000,188.3K,188300,539,539,2.2K,2200
923,amxnahali,Aminah,63.2K,63200,1M,1000000,178.2K,178200,2.3K,2300,1.4K,1400
924,dudeperfect,Dude Perfect,16.7M,16700000,2.3M,2300000,327.4K,327400,469,469,416,416
925,j0a0zinh0,jo√£ozinho,6.4M,6400000,1.1M,1100000,203.9K,203900,1.1K,1100,1.9K,1900
926,tonystatovci,TONY STATOVCI,2.4M,2400000,991.7K,991700,224.5K,224500,889,889,2.1K,2100
927,sanjosejules,Julie Anne San Jose,2M,2000000,2.3M,2300000,274.5K,274500,566,566,486,486
928,zanfilms,Zan Films,1.9M,1900000,2.7M,2700000,98.7K,98700,1.2K,1200,1.3K,1300
929,melch.cooks,melch.cooks,121.6K,121600,1.6M,1600000,156.4K,156400,2K,2000,729,729
930,sweizayne,Iana McCalebb,1.7M,1700000,907.7K,907700,164.4K,164400,1.9K,1900,2.5K,2500
931,taetoowavy,taetoowavy,8M,8000000,873K,873000,171.3K,171300,1.9K,1900,2.4K,2400
932,a.l.capone,üíâÿ∑ÿ®Ÿäÿ® ÿßŸÑŸÇŸÑÿ®üíî,75.9K,75900,863K,863000,34.5K,34500,629,629,21.3K,21300
933,chris,Chris Olsen,8.1M,8100000,1.8M,1800000,368K,368000,559,559,424,424
934,lance210,Lance Stewart,22.3M,22300000,2.3M,2300000,218.4K,218400,535,535,784,784
935,mozamir,Amir,2.1M,2100000,1.4M,1400000,175.9K,175900,1.8K,1800,869,869
936,abdullah_eltourky,Eltourky üëë,7.3M,7300000,1.8M,1800000,200.5K,200500,824,824,968,968
937,fionntime,FionnTime,2.6M,2600000,910.2K,910200,210.3K,210300,1.4K,1400,2K,2000
938,ngoc.matcha,Ng·ªçc Matcha üíö,4.1M,4100000,1.1M,1100000,150K,150000,3.3K,3300,617,617
939,posterised,Posterised,5.5M,5500000,1.5M,1500000,199.7K,199700,715,715,1.4K,1400
940,texassbitty,Texassbitty,142K,142000,1.1M,1100000,126.1K,126100,918,918,3.7K,3700
941,ethankleinh3,Ethan Klein,1.9M,1900000,970.5K,970500,136.6K,136600,3K,3000,1.9K,1900
942,emrata,Emrata,1.6M,1600000,2M,2000000,186.8K,186800,965,965,752,752
943,mahmooud_shaar,ÿßÿ®Ÿà ÿπÿ±ÿ® üõëüé¨,1.5M,1500000,3M,3000000,100.2K,100200,941,941,1.2K,1200
944,anyaischuk,Anya Ischuk,11.8M,11800000,1.9M,1900000,219.3K,219300,877,877,692,692
945,.02h.88m,CALL ME LUCAS,1.2M,1200000,917.8K,917800,172.6K,172600,1.6K,1600,2.4K,2400
946,thiennhan5272,Thi·ªán Nh√¢n,4.1M,4100000,2.9M,2900000,216.8K,216800,712,712,295,295
947,elchaparrito951,el chuacheneguer,6.1M,6100000,1.3M,1300000,49.5K,49500,525,525,9.3K,9300
948,angryreactions,Oneya D‚ÄôAmelio,26.6M,26600000,1.5M,1500000,257.1K,257100,1.3K,1300,376,376
949,thereallifeguys,The Real Life Guys,474K,474000,2.3M,2300000,216.1K,216100,639,639,626,626
950,aspenackley,Sabrina & Andrew,2.2M,2200000,1.3M,1300000,192.1K,192100,598,598,1.9K,1900
951,gutierrezcastro,Gutierrez Castro,14.2M,14200000,1.1M,1100000,147.9K,147900,894,894,3K,3000
952,joelbergs,JoelBergs,11.4M,11400000,1.9M,1900000,317.5K,317500,511,511,528,528
953,ragnarlebretonofficiel,Ragnar Le Breton officiel,383.4K,383400,1.5M,1500000,135.4K,135400,400,400,2.7K,2700
954,cowboyjess,cowboyjess,320K,320000,1.6M,1600000,315.9K,315900,719,719,509,509
955,busheadoph,Busheado,14.3M,14300000,3.2M,3200000,209.9K,209900,709,709,215,215
956,ryansunandar,Ujang SGNüí∞,4.8M,4800000,873.2K,873200,85.7K,85700,5.4K,5400,2.9K,2900
957,nathaliavalente,Nathalia,13.6M,13600000,2.3M,2300000,242.9K,242900,731,731,375,375
958,mohaimen.alaa,ŸÖŸáŸäŸÖŸÜ ÿπŸÑÿßÿ°,4.1M,4100000,1.2M,1200000,171.2K,171200,1.9K,1900,1.2K,1200
959,itsmenicksmithy2,Nick Smithyman üòé,12.6M,12600000,1.7M,1700000,208.6K,208600,982,982,806,806
960,noeldeyzel_bodybuilder,Noel Deyzelüáøüá¶,5.3M,5300000,1.4M,1400000,228.2K,228200,1K,1000,885,885
961,_liltam,tamz,497.3K,497300,2.2M,2200000,281.6K,281600,370,370,623,623
962,mak.beh,BEH,861K,861000,2.6M,2600000,233.2K,233200,676,676,336,336
963,rajaabelmir,Belmir Rajaa,1.1M,1100000,1.4M,1400000,133.8K,133800,1.1K,1100,2.3K,2300
964,ditanganu,DitaKerangüåä,7.7M,7700000,2.4M,2400000,211.4K,211400,846,846,363,363
965,kinosgina,KINOSGINA,1.7M,1700000,1.6M,1600000,87.5K,87500,2.8K,2800,1.8K,1800
966,texasbushman,Texas BUSHMAN,2.1M,2100000,1.2M,1200000,197K,197000,611,611,2K,2000
967,notorious_foodie,Notorious Foodie,1.5M,1500000,1.7M,1700000,177.7K,177700,528,528,1.5K,1500
968,10july__,ùë∫ùíÇùíÖùíîùíÇùíîùíîùíî ‚ù§Ô∏è‚Äçüî•,1.1M,1100000,1M,1000000,123.1K,123100,672,672,4.3K,4300
969,lamminhduc2404,ü¶ãAƒêü¶ã,130.2K,130200,2.3M,2300000,88.6K,88600,2.3K,2300,686,686
970,papavince.davao,PapaVinceDavao,599.9K,599900,899.6K,899600,116.1K,116100,2.8K,2800,3K,3000
971,namyulenka,Namy,6.9M,6900000,1.5M,1500000,229.9K,229900,1.2K,1200,654,654
972,bankrolldyl,BankrollDylüí∏,5M,5000000,1.1M,1100000,226.9K,226900,1.2K,1200,1.2K,1200
973,interesting.thingsz,News For You üåç,4.1M,4100000,2.4M,2400000,186K,186000,991,991,357,357
974,psg,psg,30.1M,30100000,1.7M,1700000,177.6K,177600,1.4K,1400,576,576
975,elo_os,Eloisa Os,2.4M,2400000,1.6M,1600000,276.9K,276900,716,716,637,637
976,zenitfc,FC Zenit,4M,4000000,1.9M,1900000,221.5K,221500,1K,1000,378,378
977,lauralove5514,LauraLove,7.6M,7600000,1.5M,1500000,230.2K,230200,1.1K,1100,705,705
978,rbplaying,RB playing,4.9M,4900000,1.4M,1400000,100.2K,100200,675,675,3.6K,3600
979,manutd,Manchester United,17.1M,17100000,1.6M,1600000,188.7K,188700,1.5K,1500,519,519
980,amika0429.14,„ÅÇ„Åø„Åãü¶Ñ‚ú®@„Éï„Ç©„Éº„Ç®„Ç§„Éà,1.2M,1200000,1.3M,1300000,96.8K,96800,3.2K,3200,1.5K,1500
981,chikn.nuggit,Chikn Nuggit,4.7M,4700000,948.5K,948500,146.9K,146900,3.2K,3200,1.1K,1100
982,aidanmrz,Aidan Mirza,1.1M,1100000,2.5M,2500000,157.8K,157800,991,991,512,512
983,shehabeldin100,Shehabeldin,6.9M,6900000,1.4M,1400000,141K,141000,1.6K,1600,1.4K,1400
984,mrchiquitolina,Nicolino,269.2K,269200,805.2K,805200,163.6K,163600,487,487,4K,4000
985,nacha_acashore,Michelson,1.2M,1200000,2.2M,2200000,231.3K,231300,434,434,743,743
986,melanypalacioss,Melanyü•Ä,5.2M,5200000,1.6M,1600000,352.5K,352500,909,909,137,137
987,fortcraft354,Fortcraft354,189.2K,189200,1.4M,1400000,156.8K,156800,2.6K,2600,70,70
988,davidspade,DavidSpade,4.5M,4500000,1.1M,1100000,158.6K,158600,1.5K,1500,1.8K,1800
989,monika.kociolek,Monika Kocio≈Çek,2.8M,2800000,1.1M,1100000,170.4K,170400,2.5K,2500,614,614
990,yayisrenteria,Yayis Renteria,339.9K,339900,1.9M,1900000,133.6K,133600,382,382,1.9K,1900
991,fabirommel,Fabi Rommel,409.7K,409700,1M,1000000,105.8K,105800,573,573,4.9K,4900
992,juanito_pochi,JUANITOüî•üö∂,827.2K,827200,2.1M,2100000,191.3K,191300,671,671,781,781
993,brandonspam_,Brandon Conner,8.5M,8500000,1.5M,1500000,236.5K,236500,1.4K,1400,220,220
994,macy.blackwell,macy.blackwell,1.2M,1200000,1.1M,1100000,104.4K,104400,382,382,4.7K,4700
995,calebrownn,Cale Brown,5.5M,5500000,834.6K,834600,148.2K,148200,1.9K,1900,2.8K,2800
996,brendadialoy,Brenda Dialoy,371.9K,371900,1.2M,1200000,187.5K,187500,626,626,2K,2000
997,jujufitcats,Juju Fitcats,4.3M,4300000,2.2M,2200000,280.8K,280800,380,380,558,558
998,xoteam,XO Team,37.8M,37800000,2.5M,2500000,180.2K,180200,859,859,450,450
999,kimsnwuo,Ô∏èÔ∏è,100.9K,100900,957.4K,957400,226.8K,226800,908,908,1.7K,1700
1000,jass_mcg,jass_mcg,52.2K,52200,503.8K,503800,116K,116000,8.1K,8100,1.8K,1800