Tiktoker name,Tiktok name,Subscribers count,Subscribers count,Views avg.,Views avg.,Likes avg,Likes avg,Comments avg.,Comments avg.,Shares avg,Shares avg
ekin.721,MOMO‚Äôs,221.7K,221700,26M,26000000,2.8M,2800000,29.4K,29400,116.4K,116400
dojacat,Doja Cat,22.2M,22200000,25.4M,25400000,5M,5000000,36.7K,36700,46.8K,46800
kiet.ac.quy,Ki·ªát ·∫Æk W·ª∑,2.1M,2100000,20.7M,20700000,3.5M,3500000,38.8K,38800,33.9K,33900
charlidamelio,charli d‚Äôamelio,135.4M,135400000,18.7M,18700000,2.6M,2600000,54.7K,54700,35.2K,35200
luvadepedreiro,Iran Ferreira (Lai),11.4M,11400000,24.8M,24800000,2.6M,2600000,32.7K,32700,26.8K,26800
badbunny,Bad Bunny,16.1M,16100000,17.6M,17600000,4M,4000000,28K,28000,26.2K,26200
khaby.lame,Khabane lame,135.2M,135200000,17.7M,17700000,2.3M,2300000,18K,18000,11.2K,11200
leomahalo,Leo Mahalo,6.8M,6800000,19M,19000000,2.2M,2200000,11.8K,11800,14.4K,14400
swagboygorringe,Daniel Gorringe,5.6M,5600000,9.9M,9900000,1.8M,1800000,25.3K,25300,35.9K,35900
jennmelon,Jenn Melon,2M,2000000,11M,11000000,2.3M,2300000,15.1K,15100,24.5K,24500
jounggustav,Joung Gustav,1.9M,1900000,16.4M,16400000,2.2M,2200000,9.9K,9900,13.4K,13400
txt.bighitent,TOMORROW X TOGETHER,16.2M,16200000,7.7M,7700000,1.8M,1800000,33.2K,33200,12.2K,12200
pongamoslo_a_prueba,Pong√°moslo a Prueba,30.4M,30400000,16M,16000000,2.5M,2500000,6.3K,6300,7.3K,7300
bdylanhollis,B. Dylan Hollis,7.6M,7600000,8.6M,8600000,1.6M,1600000,11.5K,11500,20K,20000
lyczak,üëë≈Åyczuuüëë,1.5M,1500000,11.8M,11800000,1.4M,1400000,16.1K,16100,8.6K,8600
juandamc,JuanDa.,17.1M,17100000,7.5M,7500000,1.7M,1700000,9.1K,9100,19.5K,19500
lifeinanimati0n,A <3,745.2K,745200,6.2M,6200000,1.1M,1100000,8.8K,8800,40.2K,40200
zlusha,Zlusha,2M,2000000,7.2M,7200000,1.1M,1100000,12.9K,12900,29.5K,29500
amauryguichon,Amaury Guichon,5.4M,5400000,11M,11000000,1.6M,1600000,5.8K,5800,13.3K,13300
eupereiraoficial,Eu Pereira,4.6M,4600000,12.2M,12200000,1.2M,1200000,5.7K,5700,11.5K,11500
druskitv,DRUSKI,3.2M,3200000,6.4M,6400000,1.2M,1200000,7.7K,7700,25.9K,25900
adrianbliss,Adrian Bliss,5.2M,5200000,7.7M,7700000,1.5M,1500000,5.4K,5400,16K,16000
kimberly.loaiza,Kimberly Loaiza,61M,61000000,9.9M,9900000,1.3M,1300000,14.1K,14100,4.5K,4500
deborahyowa,Deborah yowa,10.3M,10300000,12.6M,12600000,688.7K,688700,17K,17000,9.1K,9100
nekoglai,–ù–∏–∫–æ–ª–∞–π,9.4M,9400000,8.5M,8500000,982.3K,982300,22.5K,22500,4.4K,4400
domelipa,Dominik,50.7M,50700000,7.9M,7900000,1.2M,1200000,17.3K,17300,6.2K,6200
diego.cr_,Diego Rodr√≠guez,238.1K,238100,9.1M,9100000,845K,845000,9.1K,9100,19.5K,19500
addisonre,Addison Rae,87.3M,87300000,9.3M,9300000,1.2M,1200000,13.4K,13400,5.9K,5900
mastertingus,mastertingus,1.5M,1500000,4.2M,4200000,859.2K,859200,25.1K,25100,33.8K,33800
santandave,Santan,1.1M,1100000,6.2M,6200000,1M,1000000,21.3K,21300,12K,12000
machinegunkelly,Colson,3.4M,3400000,10.8M,10800000,822.6K,822600,13.7K,13700,9K,9000
bellapoarch,Bella Poarch,88.5M,88500000,11.1M,11100000,1M,1000000,14.3K,14300,1.6K,1600
daddyyankee,daddyyankee,10.4M,10400000,6M,6000000,696.3K,696300,18.1K,18100,20.6K,20600
official_nct,NCT Official,7.3M,7300000,3.2M,3200000,1.2M,1200000,23.1K,23100,17.6K,17600
zeth,Zeth,10.8M,10800000,6.6M,6600000,1.3M,1300000,4.1K,4100,12.8K,12800
larrayeeee,LARRAY,25.6M,25600000,5.4M,5400000,1.2M,1200000,17.6K,17600,4.1K,4100
mrbeast,MrBeast,34.7M,34700000,6.8M,6800000,1.1M,1100000,16.1K,16100,1.5K,1500
jypestraykids,Stray Kids,10.8M,10800000,2.9M,2900000,1.1M,1100000,27.6K,27600,12K,12000
iamferv,Fernanda,26.1M,26100000,7.8M,7800000,1.1M,1100000,10.3K,10300,3.8K,3800
nicocaponecomedy,nicocapone.comedy,20.3M,20300000,11.8M,11800000,691.8K,691800,3.9K,3900,10.2K,10200
honeybobabear,HoneyBobaBear,7.8M,7800000,10.1M,10100000,1.4M,1400000,5K,5000,2.4K,2400
masondenverr,mason,2M,2000000,4.4M,4400000,1.2M,1200000,7.3K,7300,11.3K,11300
nicoletv,Kayla Nicole,10.2M,10200000,6.1M,6100000,999.3K,999300,4.9K,4900,10K,10000
aquajock_h2bro,J√¶B√¶,509.7K,509700,5.4M,5400000,966.4K,966400,5.4K,5400,10.6K,10600
terryreloaded,Terry Reloaded,3.9M,3900000,4.9M,4900000,1M,1000000,6.3K,6300,10.2K,10200
soysuco,soysuco,9.6M,9600000,6.3M,6300000,999.5K,999500,11.1K,11100,2K,2000
itzyofficial,ITZY,7.3M,7300000,4.7M,4700000,1.2M,1200000,10.4K,10400,3.6K,3600
oldtimehawkey,Old Time Hawkey,5.1M,5100000,4.8M,4800000,831.6K,831600,11K,11000,7K,7000
missionaryjack,Jack Harlow,3.3M,3300000,8.3M,8300000,837K,837000,4.9K,4900,5.5K,5500
conormaynard,Conor Maynard,6.2M,6200000,5.8M,5800000,794.3K,794300,8.9K,8900,6.6K,6600
conormaynard,Conor Maynard,6.2M,6200000,5.8M,5800000,794.3K,794300,8.9K,8900,6.6K,6600
itssassagurl,Sassa Gurl,5.3M,5300000,6M,6000000,969.6K,969600,6.2K,6200,6K,6000
terryreloaded,Terry Reloaded,4M,4000000,4.4M,4400000,955.3K,955300,6.2K,6200,9.4K,9400
jimmydarts,Jimmy Darts,8.1M,8100000,5.3M,5300000,893.4K,893400,10.3K,10300,2.9K,2900
alshad95,Alshad Ahmad,1.6M,1600000,7.3M,7300000,761.9K,761900,6.2K,6200,5K,5000
bayashi.tiktok,„Éê„É§„Ç∑ü•ëBayashi,24.1M,24100000,7.7M,7700000,958K,958000,5.8K,5800,2.5K,2500
rosalia,La Rosalia,18.3M,18300000,9.8M,9800000,978.5K,978500,3.8K,3800,2.3K,2300
daniel.labelle,Daniel LaBelle,25.5M,25500000,4.6M,4600000,754.9K,754900,5.5K,5500,11.8K,11800
masonmount,Mason Mount,2.8M,2800000,4.8M,4800000,806.9K,806900,9.9K,9900,5.1K,5100
theandrewschulz,Andrew Schulz,3M,3000000,4M,4000000,602.2K,602200,2.2K,2200,21.6K,21600
activesufi,activesufi,364.6K,364600,13.8M,13800000,1.1M,1100000,2.2K,2200,1.5K,1500
hayleygeorgiamorris,Hayley Morris,2.9M,2900000,4.6M,4600000,586.9K,586900,1.9K,1900,18.4K,18400
lilnasx,lil nas x,27.7M,27700000,5.7M,5700000,804.6K,804600,9K,9000,3K,3000
willsmith,Will Smith,67.4M,67400000,6.9M,6900000,658.5K,658500,10K,10000,2K,2000
clarissaperezlara,Clari,129.5K,129500,3.9M,3900000,370K,370000,2.7K,2700,34.2K,34200
spriteder_spd,Prite Netijen Netirattanapaiboon,2.7M,2700000,8M,8000000,924.8K,924800,3.7K,3700,3.5K,3500
paytonking,Payton King,5.1M,5100000,2.8M,2800000,685.4K,685400,11.8K,11800,15.8K,15800
lexibrookerivera,Lexi Rivera,21.1M,21100000,7M,7000000,937.4K,937400,6.2K,6200,1.9K,1900
snoopdogg,Snoop Dogg,19.7M,19700000,7.4M,7400000,647.2K,647200,6.6K,6600,4.3K,4300
tuckerbudzyn,tuckerbudzyn,10.1M,10100000,4M,4000000,638.6K,638600,3.3K,3300,16.7K,16700
jaykindafunny8,Jaykindafunny,23.3M,23300000,9.6M,9600000,685.7K,685700,2.4K,2400,5.2K,5200
solsito.pe,Solsito.pe,80.2K,80200,3.5M,3500000,503.1K,503100,10.6K,10600,17.8K,17800
jake2r,"Jake2r, Ph.D.",2.1M,2100000,2.8M,2800000,739.6K,739600,5.2K,5200,17.1K,17100
thejoeyswoll,Joey Swoll,2.4M,2400000,5.3M,5300000,804.5K,804500,8.4K,8400,2.5K,2500
kallmekris,Kris HC,43.3M,43300000,5.4M,5400000,988K,988000,5.5K,5500,3.1K,3100
jdpantoja,JD Pantoja,26.8M,26800000,4.8M,4800000,942.2K,942200,8.7K,8700,1.3K,1300
datvilla94,üî•ƒê·∫°t Villaüî•,5.2M,5200000,5.7M,5700000,659.1K,659100,8.1K,8100,3.1K,3100
haileybieber,Hailey Bieber,7.7M,7700000,5.7M,5700000,810.5K,810500,6.3K,6300,2.7K,2700
big.johns,Big Johns,140.3K,140300,3.1M,3100000,476.5K,476500,18.4K,18400,8.7K,8700
cleanpuppy,Chloe Cherry,1.7M,1700000,4.8M,4800000,980.2K,980200,5.7K,5700,2.9K,2900
arabstay,ùïäùï•ùï£ùïíùï™ ùïúùïöùïïùï§,219K,219000,2.6M,2600000,770.2K,770200,11.7K,11700,8.2K,8200
aitch12,Aitch,1.8M,1800000,5.3M,5300000,421.1K,421100,7.6K,7600,9.8K,9800
doctorgraves,Dr.Graves,2.7M,2700000,5M,5000000,879.7K,879700,2.8K,2800,5.9K,5900
fredziownik_art,Franek Bielak,11.8M,11800000,6.3M,6300000,781.9K,781900,6.5K,6500,1.2K,1200
vibin.wit.tay,Tay,3.3M,3300000,3.3M,3300000,689.4K,689400,4K,4000,12.6K,12600
cedriklorenzen,Cedrik Lorenzen,2.1M,2100000,4M,4000000,457K,457000,7.9K,7900,12.4K,12400
vanessalopesr,Vanessa Lopes,21.3M,21300000,5.9M,5900000,637.1K,637100,6.4K,6400,2.9K,2900
rustam_mayer_djavid,RUSTAM MAYER,4.3M,4300000,7.8M,7800000,390.8K,390800,1.6K,1600,9.7K,9700
soojinicoreana,Chingu Amiga,17.3M,17300000,6.5M,6500000,1M,1000000,3.9K,3900,1.4K,1400
jinisprotips,üí° Jini üí°,713.7K,713700,3.7M,3700000,467.6K,467600,6.9K,6900,12.9K,12900
esen_alva,Esen,3.1M,3100000,3.3M,3300000,536.3K,536300,3.3K,3300,15.5K,15500
drew.nori,Drew Nori,4.7M,4700000,8.1M,8100000,387.9K,387900,9.7K,9700,733,733
wuesilva,Wue Silva,11.8M,11800000,4.5M,4500000,584K,584000,10.6K,10600,1.8K,1800
thallyssonsb,Thallysson Borges,8.5M,8500000,3.6M,3600000,629K,629000,6K,6000,8.2K,8200
natemyburgh,Nate,306.4K,306400,3.4M,3400000,724.9K,724900,3.6K,3600,9K,9000
soso_aroundtheworld,Sosonebieridze,109.8K,109800,3M,3000000,420K,420000,10.8K,10800,13.2K,13200
newboyjosh,Newboyjosh,340.5K,340500,4M,4000000,445K,445000,6.4K,6400,10.4K,10400
initiaraandini,tiara andini,4.1M,4100000,7.4M,7400000,651.6K,651600,4.4K,4400,1.8K,1800
iamkevingates,Kevin Gates,2.1M,2100000,3.5M,3500000,413.6K,413600,9.4K,9400,11.3K,11300
max7424453118,Max Taylor,2.8M,2800000,3.5M,3500000,572.6K,572600,5.2K,5200,9.5K,9500
danya_milokhin,danya_milokhin,16.5M,16500000,6.3M,6300000,733.2K,733200,4.6K,4600,1.7K,1700
samanthalogan,Samantha Logan,1.8M,1800000,6M,6000000,840.9K,840900,3K,3000,2.8K,2800
jakekrantz1,Jake Krantz,2.1M,2100000,3.6M,3600000,772.3K,772300,3.2K,3200,7.1K,7100
fujiiian,Fuji,12.7M,12700000,6.2M,6200000,760.4K,760400,3.4K,3400,2.6K,2600
vincentmarcus,VincentMarcus,2.5M,2500000,10.7M,10700000,250.4K,250400,2.3K,2300,8.2K,8200
hongthanhofficial,HongThanhOfficial,1.3M,1300000,7.7M,7700000,675.6K,675600,2.7K,2700,2.7K,2700
kervo.dolo,Kervo.dolo,7.5M,7500000,3.9M,3900000,606.4K,606400,4.4K,4400,7.1K,7100
zachjustice,Zach Justice,3.9M,3900000,6M,6000000,793.7K,793700,1K,1000,4.6K,4600
qamar_altaey,ìÜ©ùëÑùê¥ùëÄùê¥ùëÖ¬π‚Å∂ìÜ™,2.8M,2800000,3.6M,3600000,348K,348000,10.2K,10200,10.8K,10800
fortnitekanal.exe,Fortnitekanal.exe,1.4M,1400000,2.2M,2200000,539.4K,539400,14K,14000,7.8K,7800
m.wardy_14,Ÿàÿ±ÿØŸâ,67.6K,67600,1.9M,1900000,465.5K,465500,3.8K,3800,24.8K,24800
ynchq,–ØN,3.7M,3700000,3.9M,3900000,645.1K,645100,4.1K,4100,5.8K,5800
nilered,NileRed,8.7M,8700000,4M,4000000,725.8K,725800,5.4K,5400,3.2K,3200
besttoks,besttoks,2.2M,2200000,17.4M,17400000,451.6K,451600,1.1K,1100,2.1K,2100
miketoks,Miketoks,11.6M,11600000,6.2M,6200000,599.7K,599700,2.5K,2500,4K,4000
tiktokmena,TikTok MENA,5.7M,5700000,39.5M,39500000,179.2K,179200,1.2K,1200,2.2K,2200
eyavanana,Eya,10.8M,10800000,4.6M,4600000,725.3K,725300,5K,5000,2.1K,2100
john.leitao,John Leit√£o,2.7M,2700000,4.3M,4300000,380.9K,380900,7.8K,7800,6.4K,6400
brunodiferente2022,Bruno Diferente,4M,4000000,6.6M,6600000,116.7K,116700,6K,6000,22.4K,22400
sugarcoatedsisters,Tabby and Chloe,320.3K,320300,3.2M,3200000,523.8K,523800,2.6K,2600,10.5K,10500
hesfinatia,PINATüçÖ|| IG: @hesfinatia,8.3M,8300000,8.6M,8600000,936.9K,936900,1.8K,1800,837,837
vadik_dikiy,vadik_dikiy,914.8K,914800,3.2M,3200000,489.1K,489100,2K,2000,11.8K,11800
championsleague,Champions League,11.6M,11600000,3.6M,3600000,628.3K,628300,4.2K,4200,5.1K,5100
esnyrrr,Esnyr Ranollo,4.4M,4400000,3.5M,3500000,645.3K,645300,4.5K,4500,4.8K,4800
savanahmosss,Savanah Moss,9.3M,9300000,4.5M,4500000,703K,703000,4.1K,4100,2.5K,2500
dindahw14,Dinda Hauw,3M,3000000,7.9M,7900000,689.2K,689200,2K,2000,1.8K,1800
joshiiwuhhh,Joshua Alden,3.2M,3200000,2.9M,2900000,555.5K,555500,3.7K,3700,8.8K,8800
j3ipy_,Jeipy,7.8M,7800000,4.3M,4300000,760.7K,760700,3.3K,3300,2.8K,2800
morganpresleyxo,Morgan Presley,5.3M,5300000,4.8M,4800000,638.5K,638500,3.1K,3100,3.5K,3500
skaijackson,Skai Jackson ü•∞,19.7M,19700000,5.2M,5200000,824K,824000,3.1K,3100,1.5K,1500
ssmaaaryy,Razi Monroe,6.8M,6800000,6.4M,6400000,586.3K,586300,2.8K,2800,2.4K,2400
vhackerr,Vinnie,13.9M,13900000,2.9M,2900000,593.7K,593700,7.8K,7800,3.6K,3600
tranvantre992,Tr·∫ßn Tre Vlogs üêâ,759.3K,759300,9.1M,9100000,472.9K,472900,3.7K,3700,799,799
jwaltonnn,·¥ä‚ö°Ô∏è,733.4K,733400,1.7M,1700000,369.4K,369400,28K,28000,2.5K,2500
kubenjoy,KUBenjoy,3.5M,3500000,4.2M,4200000,476.3K,476300,5K,5000,4.5K,4500
jdiasss_,Jo√£o Dias,7M,7000000,3.5M,3500000,817K,817000,4.5K,4500,2K,2000
evcnoble,Everett Noble,9.8M,9800000,3.4M,3400000,844.5K,844500,3.2K,3200,3.4K,3400
victormelo,Victor Melo,19.4M,19400000,4.6M,4600000,642.2K,642200,3.8K,3800,2.4K,2400
emilen_im,–≠–º–∏–ª—å–µ–Ω,4M,4000000,5.3M,5300000,663.1K,663100,4K,4000,1.2K,1200
ehlija,Eh Lija,3.3M,3300000,4M,4000000,506K,506000,4.7K,4700,4.3K,4300
thoriqhal,thariqhalilintar,3.8M,3800000,5.8M,5800000,662K,662000,2.4K,2400,2.2K,2200
afgsuga,Afg Suga Official,161.7K,161700,3.3M,3300000,490.3K,490300,4.1K,4100,6.8K,6800
jen_wolff,jenny,187.6K,187600,2.9M,2900000,371.6K,371600,5.7K,5700,10.5K,10500
tubbynugget,Tubby Nugget,3.5M,3500000,2.6M,2600000,518.2K,518200,2.1K,2100,10.8K,10800
rescuerestore,Rescue & Restore,1.5M,1500000,9.2M,9200000,430K,430000,1.5K,1500,2.9K,2900
baddest4bitches,Edda,1.5M,1500000,2.5M,2500000,580.2K,580200,8.5K,8500,3.4K,3400
_itsstefano_,It'sStefano,4.4M,4400000,4.6M,4600000,553.8K,553800,5.8K,5800,856,856
guryan_off,–ì—É—Ä—å—è–Ω–æ–≤ –ú–∞–∫—Å–∏–º,2.6M,2600000,3.3M,3300000,479.5K,479500,3.1K,3100,7.7K,7700
thebenjishow,benji,5.5M,5500000,3.4M,3400000,549.6K,549600,3.8K,3800,5.2K,5200
mikaelatesta,Mikaela Testa,1.7M,1700000,4.3M,4300000,960.3K,960300,3.3K,3300,749,749
grillervm,GrillerVM,2.9M,2900000,4.3M,4300000,549.3K,549300,2.9K,2900,4K,4000
riaricis,Ria Ricis,25.5M,25500000,5.5M,5500000,665.1K,665100,2.2K,2200,2.1K,2100
lizzza,Liza Koshy,29.4M,29400000,5.2M,5200000,1.2M,1200000,1.9K,1900,616,616
elmarianaa,ElMariana,6.5M,6500000,3.8M,3800000,834.8K,834800,1.6K,1600,3.3K,3300
somi_official_,JEON SOMI,6.1M,6100000,3M,3000000,746.3K,746300,4.6K,4600,2.3K,2300
craggygames,Craggy Games,306.8K,306800,7M,7000000,189.3K,189300,726,726,10.9K,10900
gritside,gritside,3.6M,3600000,3.5M,3500000,446.4K,446400,1.5K,1500,8.3K,8300
charlieputh,Charlie Puth,16.1M,16100000,3.5M,3500000,509.1K,509100,5.8K,5800,2.6K,2600
spencer_serafica,Xspencer,12.3M,12300000,4M,4000000,663.2K,663200,4.1K,4100,1.6K,1600
mikaylahau,Mikaylah,4.2M,4200000,3M,3000000,386.4K,386400,9.9K,9900,3.2K,3200
kevinprieto077,kevinprieto077,1.8M,1800000,3.8M,3800000,589.3K,589300,3.4K,3400,3.1K,3100
christianfabiannn,Christian Fabi√°n D.,12M,12000000,4.8M,4800000,733.2K,733200,3.7K,3700,398,398
brotherofcolor,Heyimparis,12.7M,12700000,5M,5000000,609.5K,609500,3.6K,3600,1.1K,1100
gavrilinaa,–Æ–ª—å–∫–∞ –®–ø—É–ª—å–∫–∞üï∑üï∏,16.3M,16300000,3.9M,3900000,522.2K,522200,4K,4000,3K,3000
phun.anh,Ph√πn Anh,2.7M,2700000,6.8M,6800000,374.2K,374200,3.8K,3800,1.7K,1700
tooturnttony,Tooturnttony,15.6M,15600000,5.4M,5400000,464.6K,464600,2.8K,2800,2.8K,2800
baimwong,Baim Wong,7.5M,7500000,5.1M,5100000,392.4K,392400,3.7K,3700,3.3K,3300
maxtaylorlifts,Max Taylor,7.6M,7600000,3M,3000000,529K,529000,4.4K,4400,4.5K,4500
kimberly11sofia,‚ú®Kimberly11sofia‚ú®,576.6K,576600,1.9M,1900000,208K,208000,27K,27000,7.8K,7800
lourdasprec,LOURD,8.7M,8700000,2.4M,2400000,592.1K,592100,5.3K,5300,4.3K,4300
katiavlogss,KATIAVLOGSüêí,13.8M,13800000,4.6M,4600000,638.2K,638200,3.5K,3500,1.1K,1100
itslennnie,lennnie,1.9M,1900000,1.9M,1900000,319.2K,319200,2.4K,2400,20K,20000
couragejd,Jack CouRage Dunlop,3.1M,3100000,3.4M,3400000,391.5K,391500,2.9K,2900,7.1K,7100
karimmahmoudabdelaziz,Karim Mahmoud Abdel Aziz,3.4M,3400000,5.3M,5300000,375.6K,375600,2.5K,2500,4.1K,4100
jbdjebb,Jean-Baptiste Djebbari,1.1M,1100000,2.9M,2900000,448.6K,448600,6.2K,6200,3.8K,3800
dailymug69,It‚Äôs a sad story...,4.2M,4200000,4.1M,4100000,544.2K,544200,5.6K,5600,251,251
superfirsthero,–°–£–ü–ï–†–ü–ï–†–í–´–ô–ì–ï–†–û–ô,1.6M,1600000,2.8M,2800000,526.1K,526100,4.4K,4400,4.5K,4500
cookingwithlynja,Lynja,9.9M,9900000,5.2M,5200000,649K,649000,2.5K,2500,1.4K,1400
gordonramsayofficial,Gordon Ramsay,31.7M,31700000,5.7M,5700000,557.2K,557200,3.2K,3200,835,835
nabela,nabela,7.2M,7200000,5.4M,5400000,627.1K,627100,2.6K,2600,1.2K,1200
alexwaarren,Alex warren,15.2M,15200000,4.6M,4600000,769K,769000,1.3K,1300,2.3K,2300
ayesebastien,Sebastien,7.2M,7200000,3.1M,3100000,565.3K,565300,2.8K,2800,4.6K,4600
jamie32bsh,Jamie Big Sorrel Hor,7.1M,7100000,5.8M,5800000,313.6K,313600,4.7K,4700,2.2K,2200
maxthemeatguy,Max The Meat Guy,3.8M,3800000,6.2M,6200000,681.9K,681900,1.7K,1700,1.2K,1200
andy.and.michelle,Andy & Michelle,3.7M,3700000,3.1M,3100000,438.1K,438100,2.8K,2800,6.1K,6100
realmsp,RealMsP,349.1K,349100,4.9M,4900000,771.9K,771900,2K,2000,1.1K,1100
gameofthrones,Game of Thrones,647.3K,647300,3M,3000000,359.5K,359500,1.9K,1900,9K,9000
ameliadimz,ameliadimz,1.3M,1300000,3.7M,3700000,529.8K,529800,4.1K,4100,1.8K,1800
chris,Chris Olsen,7.2M,7200000,6.1M,6100000,712.1K,712100,1.6K,1600,1.1K,1100
isaach.p,Isaac H.P,1.6M,1600000,2.4M,2400000,230K,230000,11K,11000,9.7K,9700
billlnai,nai,8.4M,8400000,3.1M,3100000,797.1K,797100,3.2K,3200,1.4K,1400
samseats,Sam Way,8.7M,8700000,3.6M,3600000,618.5K,618500,2.8K,2800,2.2K,2200
soysuco_ff,Suco Ismael,3.7M,3700000,3.4M,3400000,430.5K,430500,6.6K,6600,981,981
gaynadia,nadia,287.9K,287900,2.2M,2200000,583.8K,583800,4.4K,4400,4.1K,4100
thatlittlepuff,ThatLittlePuff,25M,25000000,5.1M,5100000,612.9K,612900,1.4K,1400,2.1K,2100
lachama4_ff,LA CHAMA ·¥∞,8.3M,8300000,2.9M,2900000,477K,477000,7.3K,7300,693,693
envydo,envy,198.7K,198700,1.8M,1800000,476.1K,476100,9.2K,9200,3.3K,3300
k1lauea,killazz,128.2K,128200,1.8M,1800000,451.4K,451400,9.1K,9100,3.7K,3700
noreportar08,noreportar08,265.3K,265300,4M,4000000,104.9K,104900,11.1K,11100,12.9K,12900
elrodcontreras,RODü•¥,40.1M,40100000,3.3M,3300000,521K,521000,4.8K,4800,1K,1000
k1lauea,killazz,128.2K,128200,1.8M,1800000,451.4K,451400,9.1K,9100,3.7K,3700
noreportar08,noreportar08,265.3K,265300,4M,4000000,104.9K,104900,11.1K,11100,12.9K,12900
elrodcontreras,RODü•¥,40.1M,40100000,3.3M,3300000,521K,521000,4.8K,4800,1K,1000
kpp2179393999,„Åç„ÇÉ„Çä„Éº„Å±„Åø„ÇÖ„Å±„Åø„ÇÖ„ÅÆË£èÂû¢,834.9K,834900,6.5M,6500000,345.5K,345500,1.3K,1300,3.2K,3200
elgato,Rodrigo EL GATO,3.2M,3200000,3.3M,3300000,454K,454000,4K,4000,2.7K,2700
carolfermichh,CarolFerMichh,6.2M,6200000,4.3M,4300000,664.8K,664800,2.4K,2400,1.1K,1100
montpantoja,Montpantoja,32.3M,32300000,3.5M,3500000,652.5K,652500,3.2K,3200,1.2K,1200
mmmjoemele,Joe Mele,21M,21000000,4.3M,4300000,608.4K,608400,2.2K,2200,1.5K,1500
1xgoku,goku,74.8K,74800,1.9M,1900000,345.6K,345600,2.5K,2500,12.2K,12200
anthonnyswagg3,anthonnyswagg,8.5M,8500000,8.1M,8100000,469.6K,469600,1.7K,1700,797,797
bjjojo_,jüêûjü¶ãfan,61.6K,61600,2M,2000000,354.5K,354500,6.2K,6200,7.3K,7300
uberkuloz,Berk Keklik,1M,1000000,5.2M,5200000,394.7K,394700,2.1K,2100,2.5K,2500
nilskue,Nils Kuesel,9.5M,9500000,2.6M,2600000,515.4K,515400,5.2K,5200,1.8K,1800
mcsilsiloficial,@mcsilsiloficial,5.8M,5800000,2.6M,2600000,201.7K,201700,4.7K,4700,13.7K,13700
labrinth,Labrinth,924.9K,924900,4.2M,4200000,416.9K,416900,3.4K,3400,1.9K,1900
oilywhitehat,üîå,197.3K,197300,5.5M,5500000,373.5K,373500,3.1K,3100,1.4K,1400
jacksepticeye,Jacksepticeye,4.2M,4200000,2.9M,2900000,512.7K,512700,4.3K,4300,1.9K,1900
marisol.viola,marisol viola,1.1M,1100000,2.6M,2600000,504.8K,504800,4.1K,4100,3.1K,3100
strangehumano,strangehumman NOVA,7.8M,7800000,3.2M,3200000,386.3K,386300,4.5K,4500,3K,3000
playboyjuju,üï∑,259.4K,259400,3.3M,3300000,291.2K,291200,5.5K,5500,4.2K,4200
itsjessibaby,Jessi,5M,5000000,3.1M,3100000,738.5K,738500,3.2K,3200,835,835
bbykevv_,Kevin Nguyen,1.6M,1600000,3.2M,3200000,633.1K,633100,2.1K,2100,2.4K,2400
nykolasteles,Nykolas Teles,3.8M,3800000,2.7M,2700000,368.8K,368800,5.8K,5800,3.4K,3400
morimura,MoriMuraüçï,6.4M,6400000,2.2M,2200000,483K,483000,4.4K,4400,4.1K,4100
danisoomin,daniela kim,8.4M,8400000,3.4M,3400000,492.7K,492700,4.1K,4100,1.2K,1200
tenderlybaemusic,tenderlybae,14.4M,14400000,3.6M,3600000,409.5K,409500,4.6K,4600,1.5K,1500
ig_alongwiranda,üïåüèÉ,880.7K,880700,3.2M,3200000,129.4K,129400,1.2K,1200,20K,20000
crisdevilgamer7,CrisDevilGamer,4.5M,4500000,3.5M,3500000,388.1K,388100,5.2K,5200,1.2K,1200
meishmoe,meishmoe,3.9M,3900000,2.5M,2500000,534.5K,534500,2.4K,2400,4.1K,4100
maylathanzin,Maylathanzin,1.9M,1900000,3.5M,3500000,417.6K,417600,1.2K,1200,4.7K,4700
zuuzina,üëΩ,1.2M,1200000,2.7M,2700000,342.4K,342400,4.2K,4200,5.1K,5100
jennifergarner,Jen Garner,2.1M,2100000,3.4M,3400000,315K,315000,5.6K,5600,2.4K,2400
seventeen17_official,SEVENTEEN,3.9M,3900000,1.5M,1500000,375.9K,375900,11.1K,11100,4.1K,4100
meosimmyyt,M√®o Simmy,3.9M,3900000,2.7M,2700000,367.1K,367100,7.1K,7100,1.5K,1500
mariabecerra_22,Maria Becerra,6.1M,6100000,3.2M,3200000,553.9K,553900,3.6K,3600,1.2K,1200
frostech,FROSTECH,321K,321000,3.4M,3400000,411K,411000,1.5K,1500,4.6K,4600
p0_2,ŸÖÿ¥ÿßÿ±Ÿä ÿ®ŸÜ ÿπÿ®ÿØÿßŸÑÿπÿ≤Ÿäÿ≤  -,1.7M,1700000,4.9M,4900000,233.7K,233700,6K,6000,1.5K,1500
joelbergs,JoelBergs,11.2M,11200000,3.4M,3400000,636.3K,636300,1.7K,1700,2.2K,2200
euro2024,EURO2024,6.8M,6800000,2.5M,2500000,407.3K,407300,2.9K,2900,5.4K,5400
daz_black,daz_black,7M,7000000,2.3M,2300000,506.4K,506400,4.3K,4300,2.9K,2900
claragnds,Maria Clara Garcia,16M,16000000,2.8M,2800000,401.5K,401500,5.2K,5200,2.1K,2100
desartdestro,desartdestro,7.8M,7800000,5.4M,5400000,368.3K,368300,2K,2000,2.1K,2100
camilacabello,Camila Cabello,15.3M,15300000,5.2M,5200000,321.8K,321800,2.8K,2800,2K,2000
berkcoskunofficial,Berk Co≈ükun,3.5M,3500000,5.6M,5600000,194.2K,194200,2.9K,2900,4.5K,4500
ser.geybin,Ser Geybin,1.7M,1700000,3.8M,3800000,383.5K,383500,2.2K,2200,3.3K,3300
anthpo,Anthony Po,688.3K,688300,1.7M,1700000,414.2K,414200,4.7K,4700,6.9K,6900
erikarichardo,erika,7.9M,7900000,4.6M,4600000,578.7K,578700,2.5K,2500,472,472
thegnshow,The Graham Norton Show,1.2M,1200000,4.9M,4900000,491K,491000,807,807,2.5K,2500
cx_.q,ŸÖÿµÿ∑ŸÅŸâ ÿßŸÑÿ®ÿµÿ±ÿßŸàŸä 62,2.1M,2100000,3.9M,3900000,234.7K,234700,3.1K,3100,5.4K,5400
owen.han,MANGIAMOH,1.5M,1500000,4.8M,4800000,376.2K,376200,1.2K,1200,3.1K,3100
keniaos,KeniaOs,13.7M,13700000,2.2M,2200000,371.2K,371200,7.5K,7500,2K,2000
angryreactions,Oneya D‚ÄôAmelio,25.8M,25800000,2.8M,2800000,406.2K,406200,6.2K,6200,680,680
saraecheagaray,sara,7M,7000000,3.6M,3600000,700.7K,700700,2K,2000,1K,1000
ana_eusse,Ana Maria,10.5M,10500000,4.4M,4400000,665.5K,665500,2.1K,2100,560,560
ani__mel,Melody üå±,798.6K,798600,1.9M,1900000,359.7K,359700,2.7K,2700,8.5K,8500
julianjacob,Julian Jacob,1.2M,1200000,3.8M,3800000,496.5K,496500,2.4K,2400,1.6K,1600
averywit,Avery,1M,1000000,5.4M,5400000,724.1K,724100,1.6K,1600,293,293
buithanhtuyen2003,ùêìùêÆùê≤ùêûÃÇÃÄùêß ùêóùêÆ ùêìùêï üí¶,1.8M,1800000,1.6M,1600000,228.8K,228800,18.5K,18500,1.9K,1900
emilythetrimmer,Emily Mohring,492.6K,492600,5.8M,5800000,267.9K,267900,1.7K,1700,3.1K,3100
fabru_blacutt,Fabru,17M,17000000,5.3M,5300000,544.8K,544800,1.9K,1900,642,642
yoangelolo,Angelo Bahu,1.2M,1200000,2.4M,2400000,224.3K,224300,12.2K,12200,1.5K,1500
virginiafonseca,Virginia,30.6M,30600000,4.4M,4400000,566.4K,566400,2.3K,2300,679,679
haritsuuu,„Éè„É™„ÉÑüåøÊ•µ,1.3M,1300000,4.1M,4100000,158.1K,158100,4.9K,4900,6.4K,6400
thekapelariz,The Kapelari Family,1.1M,1100000,2.8M,2800000,464.2K,464200,3.5K,3500,2.1K,2100
camavinga,Eduardo Camavinga,1M,1000000,3.3M,3300000,522.3K,522300,2.5K,2500,1.6K,1600
feezius,feezius,2.1M,2100000,4M,4000000,525.8K,525800,2.8K,2800,654,654
lights.are.off,LIGHTS ARE OFF,18.7M,18700000,2.9M,2900000,292.7K,292700,6.3K,6300,2.1K,2100
benjaminmaissecret,benjamin,174.4K,174400,7M,7000000,39.2K,39200,24K,24000,1.7K,1700
calebrownn,Cale Brown,5M,5000000,2.7M,2700000,459.5K,459500,1.5K,1500,4.2K,4200
realuser_1,Jrm,1.6M,1600000,4.1M,4100000,411.5K,411500,2.5K,2500,1.7K,1700
anas_elshayib,ÿßŸÜÿ≥ ÿßŸÑÿ¥ÿßŸäÿ®,3.6M,3600000,4.6M,4600000,194K,194000,6.1K,6100,1.8K,1800
caleb.finn,Ôº≥ÔΩîÔΩÅÔΩô„ÄÄÔΩàÔΩôÔΩÑÔΩíÔΩÅÔΩîÔΩÖÔΩÑ„ÄÄÁ∑Ø‰ø∫„Å™,15.2M,15200000,3.5M,3500000,691.5K,691500,2.5K,2500,428,428
hi_arvans,arvanss,201.4K,201400,1.3M,1300000,320.3K,320300,1.2K,1200,15.5K,15500
theestallion,Megan Thee Stallion,10.9M,10900000,1.9M,1900000,499.7K,499700,4.4K,4400,2.9K,2900
rubentuestaok,Ruben Tuesta,12.3M,12300000,4.5M,4500000,418.3K,418300,1.1K,1100,2.6K,2600
kingbach,KingBach,26.3M,26300000,3.1M,3100000,582.2K,582200,1.8K,1800,2K,2000
rdcworld1,Mark Phillips,2.8M,2800000,1.8M,1800000,336K,336000,2.3K,2300,9.1K,9100
anna..paull,Anna Paul,3M,3000000,2.8M,2800000,655.6K,655600,2.9K,2900,838,838
drewafualo,Drew Afualo,6.8M,6800000,2.2M,2200000,446.5K,446500,5.1K,5100,2.1K,2100
scottkress_,scottkress,2.9M,2900000,1.5M,1500000,402.7K,402700,7.4K,7400,4.1K,4100
dixiedamelio,dixie,57.2M,57200000,4.4M,4400000,275.2K,275200,4.6K,4600,1.1K,1100
nianaguerrero,Niana Guerrero,30.5M,30500000,3.2M,3200000,493K,493000,2.7K,2700,1.7K,1700
benoftheweek,ben de almeida,10.6M,10600000,3.5M,3500000,512.8K,512800,3.1K,3100,722,722
maiaknight,Maia Knight,8.1M,8100000,3.5M,3500000,628.8K,628800,2.5K,2500,647,647
theovon,Theo Von,1.4M,1400000,2.4M,2400000,230.6K,230600,2.7K,2700,9.8K,9800
abbieherbert,AbbieHerbert,12.2M,12200000,4.6M,4600000,619.2K,619200,1.6K,1600,772,772
yazidoe,YaziDoe,958.9K,958900,2M,2000000,297.4K,297400,2.8K,2800,8.4K,8400
loewhaley,Laura,1.4M,1400000,2.5M,2500000,232K,232000,1.2K,1200,10.6K,10600
georgieanthony,georgie munoz,2.2M,2200000,1.8M,1800000,294.3K,294300,3K,3000,9.5K,9500
.blue_devil,Why Not ? ‚úß,941.9K,941900,4.8M,4800000,486.4K,486400,1.5K,1500,1.3K,1300
ya_gazdanova,–ù–∏–Ω–∞ –ì–∞–∑–¥–∞–Ω–æ–≤–∞,3.4M,3400000,3.7M,3700000,184K,184000,932,932,8.8K,8800
piperrockelle,Piperrockelle,9M,9000000,2.4M,2400000,275.4K,275400,9.3K,9300,517,517
incorrectlyroce,Roce Ordo√±ez,5M,5000000,3.1M,3100000,499.5K,499500,1.9K,1900,2.2K,2200
wayeelkaboy10,Wayeelka boy10,852.4K,852400,3.7M,3700000,169.6K,169600,5.6K,5600,4.3K,4300
joaoferdnan,Jo√£o Ferdnan,7.4M,7400000,2M,2000000,238.5K,238500,4.2K,4200,9.1K,9100
simpleputin,–ü—Ä–æ—Å—Ç–æ –ü—É—Ç–∏–Ω,6M,6000000,3.1M,3100000,157.9K,157900,10.6K,10600,2.2K,2200
chapaevva,—á–∞–ø–∞–µ–≤–∞,1.9M,1900000,3.8M,3800000,347.7K,347700,2.9K,2900,1.7K,1700
lyna_com,lyna_com2000,4.4M,4400000,3.4M,3400000,451.3K,451300,3K,3000,1.1K,1100
arigameplays,AriGameplays,19.3M,19300000,2.6M,2600000,444.6K,444600,4.5K,4500,915,915
tommyinnit,Tommy,11.5M,11500000,1.5M,1500000,432.1K,432100,7.6K,7600,1.9K,1900
arigameplays,AriGameplays,19.3M,19300000,2.6M,2600000,444.6K,444600,4.5K,4500,915,915
tommyinnit,Tommy,11.5M,11500000,1.5M,1500000,432.1K,432100,7.6K,7600,1.9K,1900
alexisomman,Alexis Omman,9.2M,9200000,1.6M,1600000,330K,330000,5.1K,5100,6.5K,6500
samadhiza_,samadhiza,7.4M,7400000,3.7M,3700000,418.3K,418300,2.1K,2100,1.8K,1800
joerauth_,Joe rauth,4.9M,4900000,2.9M,2900000,463K,463000,1.6K,1600,2.9K,2900
danielarodrice,Daniela Rodrice,9.9M,9900000,4.2M,4200000,735.7K,735700,1.5K,1500,391,391
official_kep1er,Kep1er,3.5M,3500000,1.8M,1800000,395K,395000,5.5K,5500,2.7K,2700
sucss.s,A√ßucena Guirra,9.7M,9700000,2.6M,2600000,468.1K,468100,3K,3000,1.9K,1900
veydi_rush,veydi_rush,8M,8000000,2.9M,2900000,456.8K,456800,2.6K,2600,1.8K,1800
davidsiwonchoi,ÏµúÏãúÏõê ‚Ä¢ Siwon Choi,1.9M,1900000,1.3M,1300000,314.3K,314300,8.6K,8600,5.6K,5600
livvy,Olivia Dunne,5.1M,5100000,2.7M,2700000,316K,316000,4.9K,4900,1.8K,1800
catherineealicia,catheez,1.3M,1300000,2.3M,2300000,306.4K,306400,5.9K,5900,2.2K,2200
bonjee,Bonjee,1.8M,1800000,1.8M,1800000,382.9K,382900,2.5K,2500,5.9K,5900
tuckercomedy,Tucker Reynolds,2M,2000000,1.6M,1600000,225.2K,225200,2.9K,2900,12.7K,12700
jennifer_aplicano,Jennifer Apl√≠cano,1M,1000000,2.5M,2500000,248.5K,248500,3.7K,3700,5.4K,5400
qonitcah,Qonitcah | Health Education,1.4M,1400000,3.1M,3100000,277.5K,277500,4.4K,4400,2K,2000
carolcastromx,Carol Castro,9.7M,9700000,3.4M,3400000,564.2K,564200,2.4K,2400,508,508
vorostwins,vorostwins,2.6M,2600000,2.7M,2700000,344.1K,344100,3.8K,3800,2.1K,2100
tiagodionisio,Tiago_Dionisio,5.5M,5500000,2.4M,2400000,227K,227000,1.1K,1100,8.9K,8900
magic_daniell,Magic Daniell,9M,9000000,4.5M,4500000,503.4K,503400,2K,2000,427,427
3tl.team,3TL,1.6M,1600000,4.4M,4400000,380.9K,380900,2.7K,2700,493,493
nessaabarrett,Nessa Barrett,17.9M,17900000,2.8M,2800000,338.2K,338200,3.8K,3800,2K,2000
saeemm2002,Samantha Ancheta,4.1M,4100000,1.8M,1800000,396.9K,396900,4K,4000,3.6K,3600
nate.dawg.com,Nate dawg,230.2K,230200,2.4M,2400000,434.5K,434500,3.3K,3300,1.9K,1900
larissagloor,ùóüùóÆùóøùó∂ùòÄùòÄùóÆ ùóöùóπùóºùóºùóø,2.6M,2600000,2.9M,2900000,489.4K,489400,2.4K,2400,1.3K,1300
xshueur,“ì·¥á·¥á ü…™…¥…¢,256.6K,256600,2.4M,2400000,186K,186000,0,0,11.7K,11700
cleanpuppy,Chloe Cherry,1.7M,1700000,3.6M,3600000,617.4K,617400,1.7K,1700,612,612
tootymcnooty,TootyMcNooty,7.3M,7300000,1.5M,1500000,401.1K,401100,2.2K,2200,6.4K,6400
miakhalifa,Mia K.,32.5M,32500000,3.7M,3700000,340.3K,340300,3.5K,3500,644,644
notraymodeli,Modeli,1.9M,1900000,1.8M,1800000,404.3K,404300,2.7K,2700,4.3K,4300
axelwebber,Axel,4.2M,4200000,2.4M,2400000,544.7K,544700,3.4K,3400,522,522
baebyshaa,shalynne,324.6K,324600,3M,3000000,650.3K,650300,1.4K,1400,1.2K,1200
momonatamada,Momona Tamada,3.7M,3700000,2.7M,2700000,489.4K,489400,3.3K,3300,473,473
nikkietutorials,nikkietutorials,5.1M,5100000,4.3M,4300000,536.6K,536600,1.2K,1200,987,987
spicyycam_,Spicy Cam,18.2M,18200000,3.5M,3500000,428.1K,428100,3K,3000,295,295
sa_ro01,saraüíú,3.4M,3400000,3.3M,3300000,265.9K,265900,4.6K,4600,1.1K,1100
byniaromero,Nia Romero,10.4M,10400000,4M,4000000,531.1K,531100,2K,2000,291,291
_vqsngi.03_,Gh√©t m√¥n To√°n =))),87.7K,87700,2.6M,2600000,367.5K,367500,3.3K,3300,1.8K,1800
oblomoffrecipe,oblomoffrecipe,5.3M,5300000,3M,3000000,271.8K,271800,1.2K,1200,4.8K,4800
yg_treasure_tiktok,yg_treasure_official,3.5M,3500000,1.7M,1700000,355.3K,355300,4.1K,4100,4.2K,4200
luq_music,LUQ_MUSIC,165.7K,165700,2M,2000000,237K,237000,5.9K,5900,4.3K,4300
bradtheboxer,Just brad,2M,2000000,2.5M,2500000,216.7K,216700,3.6K,3600,5.3K,5300
ftedooda,üõÑ,23.5K,23500,1.2M,1200000,219.4K,219400,2.8K,2800,16.4K,16400
kurtisconner,kurtis conner,1.8M,1800000,2.2M,2200000,465.8K,465800,3.1K,3100,1.5K,1500
maskrayy1,maskrayy1,4.5M,4500000,7M,7000000,280.9K,280900,1.2K,1200,1.2K,1200
babybella777,Bella Hadid,4.4M,4400000,3M,3000000,504.5K,504500,2.6K,2600,614,614
trainee_a,Trainee A,2.7M,2700000,1.3M,1300000,384K,384000,5.3K,5300,4.2K,4200
texasbushman,Texas BUSHMAN,1.2M,1200000,2.4M,2400000,242.6K,242600,1.5K,1500,6.7K,6700
ugolord,‚öñÔ∏è The TikTok Attorney ‚öñÔ∏è,5.3M,5300000,2.8M,2800000,281K,281000,5.6K,5600,497,497
fedevigevani,Fede Vigevani,12.6M,12600000,2.7M,2700000,370.4K,370400,4K,4000,721,721
nam_patcharaporn,Namfon,656.5K,656500,2.2M,2200000,374K,374000,3K,3000,2.6K,2600
endomarf,‚òª‚òÜEndoMarfa‚òÜ‚òª,517.2K,517200,1.7M,1700000,516.5K,516500,3.4K,3400,2K,2000
dasigantung,Dasi Gantung,5.1M,5100000,3.5M,3500000,497.8K,497800,1.5K,1500,1.2K,1200
llucastorresg,Lucas Torres,831.4K,831400,1.5M,1500000,328.5K,328500,4.5K,4500,4.9K,4900
bungalow_jonathan,Bungalow Jonathan,251.2K,251200,1.5M,1500000,116.6K,116600,994,994,25.1K,25100
.aidenbeaudry,.aidenbeaudry_official,483.3K,483300,2M,2000000,344.8K,344800,3.1K,3100,3.5K,3500
cbum,Chris Bumstead,2M,2000000,2M,2000000,389.1K,389100,2.6K,2600,3.2K,3200
rebeccazamolo,rebecca zamolo,16.8M,16800000,2.3M,2300000,233.9K,233900,7.9K,7900,701,701
farrelhkeem,FAüßõ,179.1K,179100,1.8M,1800000,292.9K,292900,2.1K,2100,6.4K,6400
cellat36,cellat36,8.2M,8200000,2.4M,2400000,212.3K,212300,6.4K,6400,2.4K,2400
clexxd,clexxd,8.9M,8900000,2.4M,2400000,227.3K,227300,8.1K,8100,118,118
yodeege,Deege,905.9K,905900,2.3M,2300000,366.9K,366900,1.9K,1900,3.5K,3500
brentrivera,Brent Rivera,42.8M,42800000,2.6M,2600000,492.8K,492800,3K,3000,433,433
herranwalt,Herr Anwalt,5.3M,5300000,2.2M,2200000,302.7K,302700,3.8K,3800,3K,3000
europaleague,Europa League,2.1M,2100000,2.8M,2800000,346.8K,346800,2K,2000,2.5K,2500
danivallem,Dani Valle,3.9M,3900000,1.6M,1600000,130.5K,130500,1.1K,1100,19.9K,19900
nourmar5,nourmar5,14.3M,14300000,1.3M,1300000,145.9K,145900,13K,13000,10.1K,10100
nada_m7amed,ÿØŸàÿØÿßü¶πüèªü§ç,5.8M,5800000,3.4M,3400000,281.2K,281200,2.3K,2300,2.3K,2300
ox_zung,ÏõêÏ†ïÎß® WonJeong,41.1M,41100000,2.8M,2800000,399.4K,399400,3.2K,3200,727,727
thor.aya,Thoraya Maronesy,1.5M,1500000,2.7M,2700000,468.3K,468300,2.1K,2100,1.3K,1300
caocuongvu,caocuongvu,3.4M,3400000,2.9M,2900000,346K,346000,3.1K,3100,1.3K,1300
renpc_,‚ú®Ren PC‚ú®,3.2M,3200000,1.7M,1700000,318K,318000,2.4K,2400,5.6K,5600
julesleblanc,jules,18.6M,18600000,2.9M,2900000,657.5K,657500,1.8K,1800,516,516
alexhook2303,–ê–ª–µ–∫—Å–∞–Ω–¥—Ä,4.3M,4300000,1.3M,1300000,253.6K,253600,10.8K,10800,2.3K,2300
laurahfritz,laura & lena,2.5M,2500000,2.2M,2200000,400.8K,400800,1.5K,1500,3.3K,3300
corvii_ff,EL CORVII üç≠,10.5M,10500000,2.5M,2500000,427.7K,427700,3.8K,3800,215,215
gabimfmoura,Gabriela Moura,7.7M,7700000,2.6M,2600000,381.3K,381300,1.9K,1900,2.4K,2400
bottleofdjinn,HIM,706.3K,706300,2.8M,2800000,582.7K,582700,1.6K,1600,1.1K,1100
mohmadtra,ÿ™ÿ±ŸÅŸàŸÑÿ™ÿß,1.8M,1800000,4.4M,4400000,304.7K,304700,2K,2000,1.2K,1200
respectme90,Football  ‚öΩÔ∏è —Ñ—É—Ç–±–æ–ª,658.1K,658100,2M,2000000,243.1K,243100,3.7K,3700,5K,5000
soycintiacossio,Cintia Cossio,4.1M,4100000,5.7M,5700000,480K,480000,702,702,838,838
thegoodhype,Goodlin Siblings,1.7M,1700000,2.5M,2500000,443.5K,443500,1.6K,1600,2.2K,2200
carolvillanes,Carol Villanes,4.1M,4100000,1.8M,1800000,312.3K,312300,7K,7000,458,458
just_jenoah_,Jenoah Santiago,1.4M,1400000,2.4M,2400000,488.5K,488500,1.5K,1500,2K,2000
datdo0803,ƒê·ªó ƒê·∫°t,6.5M,6500000,4.6M,4600000,368.8K,368800,1.7K,1700,732,732
robgronkowski,gronk,2.4M,2400000,2.4M,2400000,332K,332000,1.7K,1700,3.5K,3500
___nicoichi___,NICO„ÄêÂπ≥Êàê„Éï„É©„Éü„É≥„Ç¥„Äë,1.3M,1300000,2.7M,2700000,288.9K,288900,3.2K,3200,2.1K,2100
pablitocastilloo,pablitocastilloo,4.5M,4500000,1.8M,1800000,225.6K,225600,1.4K,1400,9K,9000
iamjonathanpeter,Jonathan Peter,12.7M,12700000,3.2M,3200000,379K,379000,999,999,2.4K,2400
meowlife7,Cats is life,876.4K,876400,2.3M,2300000,311.5K,311500,1.6K,1600,4.1K,4100
pimpiriya1,PIM PIRIYA,1.3M,1300000,2.9M,2900000,567.9K,567900,1.2K,1200,1.3K,1300
ferchugimenez,Fernanda,4.3M,4300000,3.3M,3300000,456.5K,456500,1.4K,1400,1.3K,1300
homm9k,–•–û–ú–Ø–ö,39M,39000000,2.8M,2800000,385.8K,385800,3K,3000,752,752
mndiaye_97,mndiaye_97,14.2M,14200000,2.2M,2200000,411.9K,411900,2.3K,2300,2.2K,2200
linatejeiro8,Lina Tejeiro,4M,4000000,4M,4000000,295.9K,295900,992,992,2.4K,2400
www.m4th.com,math!eu,6.9K,6900,1.3M,1300000,309.2K,309200,6.5K,6500,3.5K,3500
dovecameron,Dove Cameron,9M,9000000,1.8M,1800000,380.5K,380500,4.5K,4500,1.3K,1300
sjbleau,SJ,12.3M,12300000,3.6M,3600000,420.3K,420300,1.7K,1700,914,914
ginescorreguela,Gin√©s correguela,776.4K,776400,2.8M,2800000,140.5K,140500,2.6K,2600,7.7K,7700
mrzeooficial,MR ZEO üá©üá¥,16.1M,16100000,2M,2000000,251.1K,251100,2K,2000,5.9K,5900
stellajero16,Vester Ajero,1.2M,1200000,1.1M,1100000,265.7K,265700,10.9K,10900,2.5K,2500
teokun711abc,„ÉÜ„Ç™„Åè„Çì@Âπ∏„ÅõËÄÖ,1.2M,1200000,2.8M,2800000,317.6K,317600,1.8K,1800,2.6K,2600
ajo.ozil,ùôÜùô™ùôßùô£ùôûùôñ van ùôÇùô™ùô®ùô¢ùôñùô£,900K,900000,6.4M,6400000,250.8K,250800,825,825,1.6K,1600
mr_paul.boy,"–ü–∞—É–ª, –ª–∏–±–æ –ø—Ä–æ—Å—Ç–æ –ü–∞—à–∞",7.2M,7200000,2.2M,2200000,426K,426000,3K,3000,1.1K,1100
rblx.dreyzon,ü§ç –î–†–≠–ô–ó–û–ù ‚Ä¢ –†–û–ë–õ–û–ö–° ü§ç,1.3M,1300000,1.9M,1900000,234K,234000,7.4K,7400,1.2K,1200
mattiastanga,Mattia Stanga,2.3M,2300000,1.6M,1600000,242.4K,242400,1.3K,1300,8.6K,8600
hannahbahng,hannahbahng,1.9M,1900000,1.5M,1500000,471.3K,471300,4.1K,4100,1.3K,1300
haositofficial,HaositOfficial,1.2M,1200000,1.7M,1700000,344.6K,344600,5.6K,5600,936,936
kdramas_klis,‚ú®KLIS‚ú®,860.3K,860300,2.8M,2800000,368.5K,368500,1.4K,1400,2.3K,2300
mhc_f_f,‚úß‚òΩ ùíπ ùìá ùëí ùí∂ ùìÇ ùíæ ùìÉ ùëî ‚òæ‚úß,1.1M,1100000,1.7M,1700000,269.9K,269900,1.4K,1400,7K,7000
yurielkysojeda,Yurielkys Ojeda,12.2M,12200000,4M,4000000,481K,481000,1.3K,1300,667,667
elsalsely00,ü•á ÿßŸÑÿ≥ŸÑÿ≥ŸäŸÑŸä ü•á,4.3M,4300000,4.6M,4600000,177.2K,177200,612,612,4K,4000
mayanelsayed,Mayan El Sayed,3.5M,3500000,4.4M,4400000,263.5K,263500,1.2K,1200,2.1K,2100
wasyanka,–í–∞—Å–∏–ª–∏–π,2.5M,2500000,1.7M,1700000,124K,124000,1K,1000,16.8K,16800
vidhia_r,Vidhi_R,4.4M,4400000,2.7M,2700000,290.6K,290600,3.2K,3200,1.6K,1600
com.yamato0515,„Äê„Ç≥„É†„Éâ„ÉÉ„Éà„Äë„ÇÑ„Åæ„Å®,1.7M,1700000,2M,2000000,271K,271000,4.9K,4900,1.9K,1900
kaylamalecc,kayla,6.6M,6600000,2.2M,2200000,363.1K,363100,4.4K,4400,267,267
munchieslab,Mart√≠n,2.7M,2700000,2.4M,2400000,180.5K,180500,796,796,7.6K,7600
albert_cancook,Albert Niazhvinski,4M,4000000,4.2M,4200000,403.4K,403400,1.4K,1400,712,712
juaniquilador,JuanSGuarnizo,8.6M,8600000,2M,2000000,452.2K,452200,1.6K,1600,2.5K,2500
cerenyaldz,Ceren Yaldƒ±z,9.2M,9200000,2.2M,2200000,164.5K,164500,8.5K,8500,1.3K,1300
thedannyphantom,danny,80.1K,80100,1.9M,1900000,177.1K,177100,7.8K,7800,2.7K,2700
cindylauw,CindyLauw,148.6K,148600,2.2M,2200000,323.9K,323900,4.5K,4500,439,439
gehadhassann,Gehad hassanüë∏üèª,7.3M,7300000,1.4M,1400000,177K,177000,3.5K,3500,10.7K,10700
dudamaryah,dudamaryah,4.1M,4100000,3M,3000000,340.7K,340700,2K,2000,1.4K,1400
the.revival,Revival,392.8K,392800,2.2M,2200000,283.8K,283800,1.2K,1200,4.4K,4400
gavinmagnus,GavinMagnus,5.2M,5200000,2M,2000000,254.9K,254900,6.4K,6400,412,412
ermmm.umm,user569215425698,2.1K,2100,1.9M,1900000,254.5K,254500,2.3K,2300,4.8K,4800
thegerbers_,üß°–ú–∞—à–∞ –∏ –†–æ–±–µ—Ä—Çüß°,5.3M,5300000,3.7M,3700000,375.3K,375300,2.1K,2100,344,344
hiagodosvideos,Hiago Marques,1.2M,1200000,2.6M,2600000,365.4K,365400,2K,2000,1.6K,1600
andweaso,Andrea,5.9M,5900000,3M,3000000,542.1K,542100,1.2K,1200,884,884
luisvelody,Luis Velody,6.2M,6200000,3.3M,3300000,459.9K,459900,910,910,1.3K,1300
yoshi30244781481,„Å´„Å£„Åó„Éº,3.9M,3900000,4M,4000000,409.6K,409600,1.2K,1200,837,837
the_joe_gatto,joe_gatto,6.5M,6500000,2.9M,2900000,247.7K,247700,1.4K,1400,3.2K,3200
frankielapenna,Frankie LaPenna,1.8M,1800000,4.9M,4900000,411.7K,411700,735,735,943,943
.diana__tc,Diana TC,2.9M,2900000,3.2M,3200000,348.7K,348700,1.9K,1900,1.1K,1100
matsudake,M2DK/„Éû„ÉÑ„ÉÄÂÆ∂„ÅÆÊó•Â∏∏,4.7M,4700000,8.1M,8100000,199.8K,199800,1.2K,1200,833,833
anokhinalz,–ênokhina Liza,35.6M,35600000,2.8M,2800000,374K,374000,2.8K,2800,379,379
mranto,Anto Garcia,8.2M,8200000,6.5M,6500000,274.7K,274700,1.3K,1300,570,570
iheartmemphis,iHeartMemphisüî•,12.5M,12500000,4.3M,4300000,260.2K,260200,2.3K,2300,687,687
sobrevivente13,Edelson Ribeiro,4.1M,4100000,2.2M,2200000,188.3K,188300,1.7K,1700,6.2K,6200
pam_a_cake,Pam,4.1M,4100000,3.5M,3500000,487.4K,487400,1.6K,1600,334,334
ardkth,ùêäùê¢ùê¶ ùêÄùêëùêù,1.3M,1300000,1.1M,1100000,350.4K,350400,2K,2000,6.5K,6500
cemresolmaz,cemre solmaz,10.2M,10200000,2.2M,2200000,180.9K,180900,7.2K,7200,976,976
philipdefranco,Philip DeFranco,1.9M,1900000,2.5M,2500000,319.2K,319200,2.8K,2800,1.3K,1300
otakoyakisoba,otakoyakisoba,14.1M,14100000,2.8M,2800000,278.8K,278800,1.8K,1800,2.3K,2300
freeritzyralph,Ritzyralph,1.4M,1400000,1.5M,1500000,375.4K,375400,3.3K,3300,2.4K,2400
jhothsa,jhothsa,12.3M,12300000,1.7M,1700000,224.7K,224700,1.7K,1700,6.7K,6700
icebox,icebox,6.2M,6200000,3M,3000000,277.2K,277200,3.3K,3300,517,517
tatiana1964_2,–¢–∞—Ç—å—è–Ω–∞,31K,31000,1.7M,1700000,12.4K,12400,207,207,151.8K,151800
nmixx_official,NMIXX,1.1M,1100000,1.6M,1600000,318.5K,318500,4.2K,4200,2.1K,2100
bmbsh7,ÿ®ŸÖÿ®ÿ¥ ÿßŸÑÿ≥ŸäÿØ‚ô¶Ô∏èbimbsh‚ô¶Ô∏è,3.8M,3800000,1.8M,1800000,289.5K,289500,3.8K,3800,2.3K,2300
jackjos3ph,Jack Joseph,2.4M,2400000,1.4M,1400000,246.3K,246300,3.5K,3500,5.7K,5700
bikedasher,Patrick,2.2M,2200000,3.3M,3300000,370.4K,370400,2.2K,2200,427,427
benjikrol,Benji Krol,30.3M,30300000,2.4M,2400000,338.9K,338900,3.4K,3400,488,488
djmariio,DjMaRiiO,983.8K,983800,2.2M,2200000,329.2K,329200,1.3K,1300,3K,3000
reeh__augusto,Reeh Augusto,3.7M,3700000,2.1M,2100000,371.8K,371800,2.5K,2500,1.6K,1600
onlyjayus,Bella Avila,17.6M,17600000,2.3M,2300000,344.7K,344700,2.6K,2600,1.3K,1300
sabrinacarpenter,Sabrina Carpenter,12M,12000000,2.2M,2200000,298.8K,298800,2.8K,2800,1.9K,1900
barbaracoura,B√°rbara Coura,8M,8000000,2.4M,2400000,384.3K,384300,2.2K,2200,1.2K,1200
ngikuttrendaja,Ahmad Rizki,192.8K,192800,3.7M,3700000,304.5K,304500,1.5K,1500,1.2K,1200
rayssabuq,Rayssa Buq,5.4M,5400000,1.8M,1800000,326.8K,326800,2.6K,2600,2.6K,2600
olisboa,LISBOA,612K,612000,3M,3000000,505K,505000,944,944,1.1K,1100
mimiermakeup,Mirta Miler,14.5M,14500000,2.7M,2700000,448.6K,448600,2.2K,2200,367,367
verycooll_real,Very Cool,1.4M,1400000,3.1M,3100000,234.5K,234500,1.3K,1300,3K,3000
just.hamilton,Just Hamilton,2.3M,2300000,1.7M,1700000,271.6K,271600,2.9K,2900,3.9K,3900
michou_yt,Michou,6.7M,6700000,3.6M,3600000,256.4K,256400,2.8K,2800,456,456
gregisms,Gregisms‚Äô Neighborhood,2.2M,2200000,975.5K,975500,168K,168000,6.7K,6700,11.6K,11600
butt.erhand,Lucie,176.4K,176400,2.2M,2200000,201.5K,201500,514,514,6.2K,6200
gbandme,GB and ME,5.7M,5700000,1.6M,1600000,250.1K,250100,4.8K,4800,2.7K,2700
fransfaisal_real,frans faisal,272.9K,272900,2.5M,2500000,278.8K,278800,3.3K,3300,926,926
officialjellyroll,Jelly Roll,2.4M,2400000,2.3M,2300000,290.8K,290800,2.6K,2600,1.8K,1800
lossiblings_,Lossiblingsüç≠,23.6M,23600000,2.8M,2800000,396.9K,396900,1.8K,1800,863,863
davidgetial,deivis,13.3M,13300000,3.2M,3200000,439.4K,439400,1.8K,1800,302,302
zodiac.boyfriend,Zodiac Boyfriendü™êüîÆ,1.6M,1600000,1.6M,1600000,219.7K,219700,3.6K,3600,4.7K,4700
michellerenaud,Michelle Renaud,2.3M,2300000,4.2M,4200000,357.8K,357800,1.1K,1100,801,801
kelvin__silvaa,Kelvin__silvaaa,3.4M,3400000,2M,2000000,163.6K,163600,1.1K,1100,7.7K,7700
user4350486101671,user4350486101671,16.2M,16200000,1.6M,1600000,302.3K,302300,4.7K,4700,1.3K,1300
jeison_giraldo,JeisonGiraldo,24.6M,24600000,3.4M,3400000,426.5K,426500,1.7K,1700,300,300
chrisdelia,ChrisDElia,1.7M,1700000,1.8M,1800000,268.5K,268500,643,643,5.5K,5500
lightskinkeisha,LightSkinKeisha,1.9M,1900000,2M,2000000,303.2K,303200,1.2K,1200,3.5K,3500
larasilvan,Tik Toker,15.9M,15900000,1.8M,1800000,351.3K,351300,3.4K,3400,1.1K,1100
la_lerma,LERMITA,11.6M,11600000,2.7M,2700000,354.3K,354300,1.2K,1200,1.8K,1800
duolingo,Duolingo,3.4M,3400000,1.5M,1500000,281.1K,281100,4.5K,4500,2.3K,2300
danythegaggio,Daniele Cabras,2.7M,2700000,1.4M,1400000,214.2K,214200,1.7K,1700,7.8K,7800
dari_wadha_home,Dari_wadha_home,1.4M,1400000,2.9M,2900000,182.1K,182100,2.4K,2400,2.9K,2900
pkllipe,Pk,16.5M,16500000,2.2M,2200000,383.9K,383900,1.6K,1600,1.8K,1800
aloserishere_,ùôáùô§ùô®ùôöùôß.,159.4K,159400,1.1M,1100000,165.5K,165500,6.6K,6600,8.8K,8800
olivertree,Oliver Tree,12.5M,12500000,3M,3000000,324.1K,324100,1.8K,1800,1.1K,1100
lonely.moods,:),354.5K,354500,815.5K,815500,214K,214000,5.4K,5400,10.6K,10600
jessnolimit999,Jess No Limit,5.3M,5300000,2.7M,2700000,264.7K,264700,3.1K,3100,877,877
sooshimango,Sooshi Mango,483.4K,483400,1.1M,1100000,100.7K,100700,3.5K,3500,21.7K,21700
spider_slack,spider_slack,31.6M,31600000,2.6M,2600000,314.3K,314300,1.7K,1700,1.7K,1700
realmadrid,Real Madrid C.F.,11.7M,11700000,2.1M,2100000,300.5K,300500,3K,3000,1.5K,1500
leanadeeb,Leana Deeb,4.2M,4200000,2.6M,2600000,426.9K,426900,1K,1000,1.5K,1500
jonathanbecerraoficial,Jonathan Becerra,1.2M,1200000,2.3M,2300000,173.4K,173400,1.5K,1500,5.5K,5500
officialturk,Officialturk,26.1K,26100,1.1M,1100000,237K,237000,7.5K,7500,3.4K,3400
isabuenox,Isabelle Bueno,2.8M,2800000,1.9M,1900000,410.4K,410400,2.5K,2500,1K,1000
peachypollo,Emillee,1.4M,1400000,2.3M,2300000,480.6K,480600,749,749,1.7K,1700
monabouchon_,Monabouchon,139.1K,139100,1.5M,1500000,127.6K,127600,468,468,13.7K,13700
monabouchon_,Monabouchon,139.1K,139100,1.5M,1500000,127.6K,127600,468,468,13.7K,13700
reymbayang,Rey,3.3M,3300000,2.3M,2300000,273.3K,273300,1.9K,1900,2.4K,2400
noahbeck,noah beck,32.8M,32800000,2.9M,2900000,342.7K,342700,2.3K,2300,439,439
limaunipisofficial,limaunipisofficial,602.6K,602600,1.5M,1500000,107.7K,107700,1.3K,1300,15.4K,15400
therealhammytv,TheRealHammyTV,13.3M,13300000,3.7M,3700000,156.5K,156500,884,884,3.8K,3800
matheusevitoriaofc,Matheus e Vitoria,6.9M,6900000,2M,2000000,317.9K,317900,2.2K,2200,2K,2000
7iprast,ùó∂ùó°ùó¶ùó¢ùó†,3.6M,3600000,1.7M,1700000,163.5K,163500,1.1K,1100,8.6K,8600
oli_natu,Oli Natu,7.9M,7900000,2.9M,2900000,408.3K,408300,1.2K,1200,1.1K,1100
sebbylaz,Seb Laz,4.1M,4100000,1.8M,1800000,238.6K,238600,5.5K,5500,894,894
r___.89,ùëÄùëñùë†ùë°ùëíùëü ùëÖùëíùëíùëöùëé üòæ‚ú®.,3.5M,3500000,1.8M,1800000,299.8K,299800,3.8K,3800,1.3K,1300
anwar,Anwar Jibawi,11.7M,11700000,2.5M,2500000,275.9K,275900,1.3K,1300,2.5K,2500
blake.snider,Blake Snider,4.6K,4600,2.8M,2800000,150.7K,150700,967,967,5.5K,5500
alejwho,Alejandro,983.5K,983500,1.5M,1500000,279.1K,279100,2.5K,2500,4.1K,4100
anitta,Anitta,17.2M,17200000,3.8M,3800000,263.4K,263400,1.6K,1600,1K,1000
tangychu,–¢–∞–Ω–≥–∏ —à—Ç–æ–ª–µ,20.9K,20900,1.3M,1300000,259.4K,259400,2.1K,2100,5.7K,5700
newt,newt,9.4M,9400000,2.3M,2300000,378.5K,378500,1.4K,1400,1.6K,1600
brookemonk_,Brooke Monk,19M,19000000,2.7M,2700000,339.6K,339600,2K,2000,867,867
psg,psg,25.3M,25300000,2.7M,2700000,319.2K,319200,2.2K,2200,777,777
roy.0fficial,Roy.official,290.8K,290800,1.2M,1200000,108.4K,108400,432,432,19.6K,19600
nicollefigueroaa,Nicolle Figueroa,9.6M,9600000,2.5M,2500000,343K,343000,2.5K,2500,546,546
ucgj7,‚òùÔ∏è–ë–∏–ø–æ–ª—è—Ä–æ—á–∫–∞üëÜ,1.5M,1500000,1.8M,1800000,179.8K,179800,6.2K,6200,1.8K,1800
startup.mp4,startup.mp4,98K,98000,944.3K,944300,246.6K,246600,4.7K,4700,6.4K,6400
beca,Rebeca Barreto,21.9M,21900000,2.3M,2300000,297.7K,297700,3K,3000,819,819
glebpiano,–ì–ª–µ–± –ü—å—è–Ω—ã—Ö,457.3K,457300,3M,3000000,75K,75000,3.1K,3100,8.4K,8400
emilyfauver,emily&ella,3.3M,3300000,2.5M,2500000,377.9K,377900,1.3K,1300,1.5K,1500
mikaylanogueira,Mikayla Nogueira,11.2M,11200000,2.2M,2200000,323.8K,323800,3K,3000,657,657
ivanovik.83,ivanovik.1983,172.7K,172700,2.3M,2300000,91.5K,91500,1.1K,1100,11.1K,11100
francis.bourgeois,Francis Bourgeois,2.3M,2300000,2M,2000000,193K,193000,1.6K,1600,5K,5000
kaan.etm,Kaan,2.6M,2600000,2M,2000000,358.4K,358400,2.8K,2800,807,807
ramonvitor,ramonvitor,2.2M,2200000,1.8M,1800000,397.9K,397900,2.5K,2500,1.1K,1100
imreddtv,REDD,883.1K,883100,3.2M,3200000,190.8K,190800,1.2K,1200,3.1K,3100
scarlettsspam2,scarlett,1.1M,1100000,2.2M,2200000,204.7K,204700,4.5K,4500,1.2K,1200
siscakohl,Sisca Kohl,10.4M,10400000,2.6M,2600000,306.5K,306500,2.2K,2200,986,986
_andrewcurtiss,Andrew Curtis,2.4M,2400000,1.3M,1300000,274K,274000,4.8K,4800,2.5K,2500
_xndirizlky_,_xndi rizlky_,11.5K,11500,3.7M,3700000,166.5K,166500,2.2K,2200,1.8K,1800
kingmajesty_princessrose,Nelson and Rose,155K,155000,1.6M,1600000,109.6K,109600,1.3K,1300,13K,13000
serchexmx,Serchex,123.1K,123100,1.4M,1400000,265K,265000,2.9K,2900,3.7K,3700
hoaminzy_hoadambut,Ho√† Minzy,4M,4000000,3.2M,3200000,345K,345000,1.8K,1800,423,423
samsung_guy,Callum,117.5K,117500,1.8M,1800000,237.2K,237200,4.9K,4900,850,850
arbooks__,Arbooks,392.1K,392100,2.1M,2100000,223.8K,223800,2.6K,2600,2.6K,2600
eduincaz5,Eduin Caz,5.2M,5200000,2.8M,2800000,278.7K,278700,1.2K,1200,1.9K,1900
agigigrigio,Giovanna Grigio,2M,2000000,3.6M,3600000,325K,325000,1.7K,1700,407,407
kienreview90,Kien Review,9.8M,9800000,4.5M,4500000,254.1K,254100,1.3K,1300,850,850
kallmewhateveryouwant,kallmewhateveryouwant,10.9M,10900000,1.8M,1800000,342.3K,342300,3.2K,3200,744,744
kopke613,kopke613,3.6M,3600000,1.1M,1100000,141.8K,141800,2.2K,2200,13.2K,13200
colewherld,colegonzales,4.9M,4900000,2.1M,2100000,297.2K,297200,696,696,3.2K,3200
zloinvfx,Stanislav Anisimov,135.8K,135800,3.3M,3300000,172.6K,172600,899,899,3.3K,3300
yordy_yor,Yordy_Yor,1.2M,1200000,3.8M,3800000,146.2K,146200,3.7K,3700,671,671
countingshleeps,blake,2.1M,2100000,1.7M,1700000,265.6K,265600,2.8K,2800,2.6K,2600
jasminechiswell,Jasmine Chiswell,15.2M,15200000,3.4M,3400000,404.4K,404400,1.5K,1500,212,212
fjerry,FJerry,3M,3000000,1.4M,1400000,109.5K,109500,3K,3000,12.6K,12600
roportajadam,Mahsun Karaca,930.1K,930100,2.7M,2700000,157K,157000,564,564,5.1K,5100
outtpig,Cameron Perez,1.6M,1600000,1.5M,1500000,350.2K,350200,2.2K,2200,2.3K,2300
qpark,Q Park,30.2M,30200000,3.2M,3200000,216K,216000,1.6K,1600,1.8K,1800
andcarli,Anderson Carli,6M,6000000,4.4M,4400000,234K,234000,1.8K,1800,500,500
mitzakoff,lucasmitzakoff,1.9M,1900000,1.3M,1300000,270.3K,270300,2.4K,2400,4.2K,4200
itsjojosiwa,JoJo Siwa,40.7M,40700000,3M,3000000,370.2K,370200,1.7K,1700,383,383
good.boy.ollie,Good Boy Ollie,2.8M,2800000,2.1M,2100000,344.3K,344300,1.1K,1100,2.1K,2100
alaa.ayyman,ALaa Ayman,8.2M,8200000,3.7M,3700000,364.6K,364600,820,820,935,935
jj_olatunji4,üá¨üáßüá¨üáßüá¨üáß,1.6M,1600000,2.3M,2300000,334.6K,334600,591,591,2.4K,2400
leaelui,Lea Elui,17M,17000000,2.8M,2800000,375.9K,375900,1.1K,1100,1.2K,1200
innkastar,Innkastar,11.6M,11600000,2.6M,2600000,193.5K,193500,4K,4000,666,666
anilinom,anilinom,11.8M,11800000,10.6M,10600000,136.8K,136800,441,441,1.2K,1200
mileshampton,WilsonsHouse,140.3K,140300,1.3M,1300000,299.3K,299300,2.4K,2400,3.5K,3500
mastercorbuzier,Deddy Corbuzier,2.1M,2100000,3M,3000000,215.6K,215600,2.8K,2800,791,791
djraulitooficial,Dj Raulito,605.3K,605300,3.3M,3300000,167K,167000,715,715,3.5K,3500
brandonspam_,Brandon Conner,7.3M,7300000,2.2M,2200000,281.7K,281700,3.2K,3200,558,558
paulaverhoeven,Paula Verhoeven,997.5K,997500,4.9M,4900000,232.7K,232700,1.1K,1100,946,946
madisonpettis,Madison Pettis,2.6M,2600000,2.9M,2900000,493.5K,493500,1K,1000,603,603
arianagrande,arianagrande,26.6M,26600000,1.4M,1400000,333.9K,333900,3.9K,3900,963,963
vekalife24,vekalife,2.4M,2400000,1.5M,1500000,116.2K,116200,459,459,12.6K,12600
westbrouck,Mattie,8.6M,8600000,1.9M,1900000,423.1K,423100,2.2K,2200,655,655
the.big.mike,The Big Mike,71.5K,71500,1.5M,1500000,176.8K,176800,4.2K,4200,4K,4000
.mats.ftl,‚ù§Ô∏è‚Äçüî•–õ—ë—à–∞ –ú—ç—Ç—Å‚ù§Ô∏è‚Äçüî•,6.7K,6700,1.7M,1700000,210.2K,210200,1.7K,1700,4.6K,4600
bilalfadilii,Bilal Fadili,958.4K,958400,1.8M,1800000,210.4K,210400,2.3K,2300,3.7K,3700
jaydafnwayda,JAYDA WAYDA,3.2M,3200000,2.2M,2200000,333.4K,333400,1.2K,1200,1.9K,1900
vzelivx,vzelivx,731.3K,731300,2.1M,2100000,271.2K,271200,2.6K,2600,1.3K,1300
benoit_chevalier,Beno√Æt Chevalier,8.7M,8700000,1.7M,1700000,180.9K,180900,3.1K,3100,4.2K,4200
ninogashi,NinoGashi,1.3M,1300000,1.8M,1800000,179.7K,179700,3.2K,3200,3.7K,3700
twice_tiktok_official,TWICE,13.9M,13900000,1.2M,1200000,223.8K,223800,6.5K,6500,1.8K,1800
beniju03,BENIJU,2.2M,2200000,1.6M,1600000,304.8K,304800,3.8K,3800,716,716
chourouk.model_official,Chourouk_model_official,4.4M,4400000,3.2M,3200000,270.5K,270500,897,897,1.7K,1700
shabiraalulaadnan,Shabiraalula&Ayah,5.1M,5100000,3.2M,3200000,256.4K,256400,1.5K,1500,1.2K,1200
ryskalamarcysia,ryskalamarcysia,1.8M,1800000,3.1M,3100000,360.9K,360900,1.6K,1600,403,403
namyulenka,Namy,6M,6000000,2M,2000000,366.2K,366200,2.1K,2100,901,901
tu.terapeuta.en.tiktok,Leandro Olszanski,1.6M,1600000,1.6M,1600000,328.5K,328500,1.9K,1900,2.3K,2300
devincaherly,Devin Caherly,6.9M,6900000,3.6M,3600000,406.6K,406600,1.3K,1300,213,213
itsmatheuscosta,Matheus Costa,4.3M,4300000,2.1M,2100000,235.3K,235300,1.7K,1700,2.8K,2800
virguleanimaleshow,VirguleAnimaleShow,850K,850000,1.2M,1200000,190.8K,190800,1.8K,1800,7.7K,7700
vtkh2004,V≈© Th·ªã Kh√°nh Huy·ªÅn,7.7M,7700000,2.6M,2600000,321.4K,321400,2K,2000,588,588
mateuspesce,Pesce,5.7M,5700000,1.7M,1700000,254.9K,254900,2K,2000,3K,3000
how.kev.eats,how.kev.eats,1.8M,1800000,2.5M,2500000,323K,323000,1.8K,1800,926,926
zubarefff,–ó—É–±–∞—Ä–µ–≤ –ê–ª–µ–∫—Å–∞–Ω–¥—Ä,2.9M,2900000,2M,2000000,300.1K,300100,1.7K,1700,1.9K,1900
vancityreynolds,Ryan Reynolds,19.7M,19700000,2.3M,2300000,282.8K,282800,1.6K,1600,1.7K,1700
clecolucci,Cl√© Colucci,2.9M,2900000,935.1K,935100,165K,165000,9.4K,9400,4.5K,4500
mr.v1bez,MR.VIBEZ,853K,853000,1.4M,1400000,364.2K,364200,1.9K,1900,2.3K,2300
nosoychaparro,Luis Chaparro,2.8M,2800000,2.1M,2100000,360.3K,360300,2.5K,2500,320,320
lilyxgarcia,Lily Garcia,8.9M,8900000,1.8M,1800000,418.2K,418200,1.9K,1900,906,906
juanpazurita,Juanpa Zurita,12.8M,12800000,3.3M,3300000,397.7K,397700,804,804,782,782
juandaniel.ibarra,Daniel Ibarra,26.6M,26600000,3.3M,3300000,353.7K,353700,1.4K,1400,406,406
juandaniel.ibarra,Daniel Ibarra,26.6M,26600000,3.3M,3300000,353.7K,353700,1.4K,1400,406,406
maddiebools,Maddie,52.9K,52900,1.7M,1700000,99.6K,99600,3.6K,3600,8.9K,8900
abir.sag,Abir e sag,11M,11000000,2.5M,2500000,176.9K,176900,2.9K,2900,1.7K,1700
lexychaplin,Lexy,3M,3000000,2M,2000000,308.2K,308200,2.7K,2700,595,595
mich_gzl,Michelle Gonz√°lez,538.3K,538300,3.1M,3100000,220.6K,220600,730,730,2.2K,2200
more.annapaul,More Anna,1.5M,1500000,2.7M,2700000,447.8K,447800,1.3K,1300,418,418
ktlynraps,Ktlyn,1.9M,1900000,2.1M,2100000,226.7K,226700,2K,2000,2.3K,2300
yano4kaa.aaa,Yano4kaa.aa,3M,3000000,1.7M,1700000,267.1K,267100,2.2K,2200,2.3K,2300
baga..genius,–ú–æ–ª–æ–¥–æ–π –ì–µ–Ω–∏–π,721.6K,721600,1.9M,1900000,279.7K,279700,1.7K,1700,2.2K,2200
lelepons,Lele Pons,26.8M,26800000,2.2M,2200000,307.4K,307400,1.9K,1900,1.1K,1100
n.vv3,ŸÜÿßÿµÿ± || üá∏üá¶ alsubaie ..,1.9M,1900000,3.3M,3300000,158K,158000,3.2K,3200,642,642
flakeysalt,Joshua weissman,6.2M,6200000,2.5M,2500000,352.9K,352900,664,664,1.6K,1600
kikakiim,Kika Kim,29.5M,29500000,2.2M,2200000,296K,296000,2.2K,2200,918,918
emilymariko,Emily Mariko,10.1M,10100000,3M,3000000,321.7K,321700,1.3K,1300,766,766
milos.guzel,Milos,4.8M,4800000,1.9M,1900000,425.5K,425500,1.7K,1700,774,774
hashbrotatoes,H&SH Brotatoes,390.1K,390100,2.2M,2200000,342.6K,342600,1.4K,1400,1.3K,1300
diana_aster,üíó DIANA ASTER üíó,10.4M,10400000,2.7M,2700000,337.4K,337400,1.8K,1800,417,417
gabrielabee,GABI BEE,9.3M,9300000,1.2M,1200000,248K,248000,5.5K,5500,1.2K,1200
igorjansen,igorjansen,10.6M,10600000,2.2M,2200000,275.7K,275700,2.4K,2400,953,953
ifluent,iFluent,2.8M,2800000,1.6M,1600000,174.5K,174500,4K,4000,3.1K,3100
mateus_hwang,Mateus Hwang,1.9M,1900000,2.1M,2100000,139.6K,139600,5.7K,5700,1.2K,1200
taimmm8,888,1M,1000000,2M,2000000,318.8K,318800,1.5K,1500,1.6K,1600
mandrake1984real,Giuseppe Mandrake Ninno,883.8K,883800,1.4M,1400000,180.4K,180400,982,982,7K,7000
lisav_,–Ω—É –ª–∏–∑,1.9M,1900000,1.9M,1900000,370.7K,370700,1.3K,1300,1.4K,1400
chadio,Chad Epps ü¶í,6.9M,6900000,1.5M,1500000,240.4K,240400,3.6K,3600,1.7K,1700
rachyohumlek,‡∏£‡∏±‡∏ä‡πÇ‡∏¢‡∏ï‡∏±‡∏ß‡∏õ‡∏•‡∏≠‡∏°‡∏ô‡∏≠‡∏Å‡∏ô‡∏±‡πâ‡∏ô‡∏à‡∏£‡∏¥‡∏á‡∏´‡∏°‡∏î,1.6M,1600000,4.1M,4100000,349.7K,349700,951,951,397,397
aiki_kr,ÏïÑÏù¥ÌÇ§ Aiki,1.8M,1800000,1.7M,1700000,363.2K,363200,2K,2000,1.1K,1100
itsmenicksmithy,Nick Smithyman ü§ì,6.4M,6400000,1.5M,1500000,265K,265000,3.1K,3100,1.9K,1900
alexiatamiraa,üçìAlexia Tamiraüçì,7.5M,7500000,2.3M,2300000,312K,312000,2.2K,2200,479,479
v1ctoryuh3.0,sexy lady,1.6M,1600000,1.6M,1600000,303.1K,303100,1.7K,1700,2.2K,2200
taavmaki,Taav,686.9K,686900,1.3M,1300000,217.2K,217200,2.7K,2700,4K,4000
esnyrdump,esnyrdump,603.8K,603800,1.8M,1800000,271.6K,271600,2.2K,2200,1.9K,1900
andersonprofetaa,Anderson Profeta,2.5M,2500000,1.2M,1200000,151.7K,151700,2.2K,2200,8.2K,8200
jason.nms,Jayway,652.6K,652600,1.5M,1500000,254.9K,254900,2.4K,2400,2.5K,2500
cassholland,Cassie Holland,1.5M,1500000,2M,2000000,381.9K,381900,1.5K,1500,917,917
pokrov,–ê–ù–Ø –ü–û–ö–†–û–íü•ë,16.3M,16300000,2.2M,2200000,287.6K,287600,2.1K,2100,895,895
rhyadmuslim,Rhyad ‚òùÔ∏è,344K,344000,1M,1000000,222.2K,222200,2.4K,2400,5.8K,5800
bretmanrock,bretmanrock,14M,14000000,2.6M,2600000,361.8K,361800,1.5K,1500,492,492
alvesdudas,mari√™,855.7K,855700,1.4M,1400000,349.9K,349900,2.1K,2100,1.8K,1800
monika.kociolek,Monika Kocio≈Çek,2.6M,2600000,1.2M,1200000,196.8K,196800,6.6K,6600,1.3K,1300
sanae33359,San AE,1.7M,1700000,2.7M,2700000,224.1K,224100,1.2K,1200,1.9K,1900
iben_ma,Iben M.A.,5.6M,5600000,2.5M,2500000,191.8K,191800,3.5K,3500,455,455
fes.ti_,festi,1.2M,1200000,1.2M,1200000,264.1K,264100,3.6K,3600,2.3K,2300
imanthonyvargas,Anthony Vargas,6.5M,6500000,1.9M,1900000,341.4K,341400,2.6K,2600,268,268
wicsur,‚ô•Ô∏è–ë–ò–°–ö–ê–°‚ô•Ô∏è,7M,7000000,1.6M,1600000,126.5K,126500,8.9K,8900,248,248
sxmplyni,Simply Niüå±,1.6M,1600000,2.6M,2600000,248.8K,248800,1.4K,1400,1.4K,1400
itsqcp,QCP,9.4M,9400000,2.5M,2500000,371.3K,371300,1.1K,1100,888,888
ssanwhere,hassan,369.4K,369400,1.3M,1300000,237.8K,237800,3.1K,3100,3.1K,3100
lizzebethmuaa,Lizzebethmuaa,3.6M,3600000,3.6M,3600000,357.1K,357100,721,721,705,705
crispy,Crispy Concords,1.2M,1200000,2.9M,2900000,400K,400000,986,986,593,593
blythe,Andrea Brillantes,17.3M,17300000,2.3M,2300000,382.5K,382500,1.2K,1200,960,960
kmiloop,Kmilooo,796.9K,796900,1.2M,1200000,228.2K,228200,1.3K,1300,5.6K,5600
ilhamputrayuda,Ilham Yuda,1.6M,1600000,2.8M,2800000,326.3K,326300,1.2K,1200,814,814
anyaischuk,Anya Ischuk,10.5M,10500000,2.7M,2700000,317.2K,317200,1.8K,1800,341,341
diegodiego_,Diego Cruz,7.2M,7200000,2.1M,2100000,258.5K,258500,1.8K,1800,1.6K,1600
winnermaxyt,WinnerMax,1.8M,1800000,2.5M,2500000,220.2K,220200,968,968,2.3K,2300
rafaelsantos,Rafael Santos,16.7M,16700000,1.8M,1800000,289.7K,289700,2.7K,2700,736,736
lkzinhu,LK,14.3M,14300000,2.4M,2400000,346.9K,346900,1.2K,1200,998,998
mercuri_88,Manuel Mercuri,19M,19000000,2.7M,2700000,238.7K,238700,1.6K,1600,1.2K,1200
saxcy,saxcy,747.2K,747200,2.6M,2600000,271.5K,271500,1.3K,1300,1.3K,1300
mdmotivator,Zachery Dereniowski,6.2M,6200000,2.5M,2500000,357.1K,357100,1.4K,1400,599,599
c.tangana,C. Tangana,372.1K,372100,4.4M,4400000,200.3K,200300,735,735,1.3K,1300
nuhchez,Nuhchez,5.7M,5700000,1.7M,1700000,248.5K,248500,2K,2000,2.2K,2200
mieayamthebstt,Unaaüçú,13M,13000000,2.4M,2400000,264.7K,264700,2K,2000,827,827
ayutingting,Ayu Ting Ting,5.8M,5800000,2.4M,2400000,176.4K,176400,2.1K,2100,2.1K,2100
yailinlamasviraloficial_,Yailin La M√°s Viral,2.8M,2800000,2.5M,2500000,210K,210000,3K,3000,365,365
sehataqua,SehatAQUA,249.3K,249300,23.3M,23300000,67.4K,67400,647,647,467,467
jordanemel,Jordan e Mel,8.7M,8700000,2.4M,2400000,183.6K,183600,1K,1000,3K,3000
gingerbilly1,GingerBilly1,5.7M,5700000,1.1M,1100000,163.7K,163700,954,954,8.7K,8700
samkamusic,INSTASAMKA,12.4M,12400000,1.8M,1800000,227.9K,227900,2.7K,2700,1.5K,1500
jaxwritessongs,Jax,8.3M,8300000,1.9M,1900000,220.1K,220100,2.8K,2800,1.5K,1500
sthefane.matos,Sthefane Matos,5.1M,5100000,3.2M,3200000,261.7K,261700,1.4K,1400,603,603
son0_0,ÏÜêÏÉàÎ≤Ω,2.7M,2700000,3.9M,3900000,216.8K,216800,1.5K,1500,514,514
flickerspark_,flickerspark_,1.2M,1200000,1.7M,1700000,446.7K,446700,1.2K,1200,1.1K,1100
kostyxd,Sergi Cabrer,2.1M,2100000,2.1M,2100000,290.9K,290900,1.7K,1700,1.1K,1100
mahalinzi,Mahalini Raharja,655.5K,655500,2.7M,2700000,251.9K,251900,1.6K,1600,917,917
jesusangelperezoficial,üö® ESE P√âREZ üö®,3.5M,3500000,1.7M,1700000,186.5K,186500,898,898,4.6K,4600
tarankaaa,Dasha Taran,8M,8000000,1.7M,1700000,283.4K,283400,2.4K,2400,1K,1000
its.michhh,Michel Chavez,28.6M,28600000,2.2M,2200000,340.4K,340400,1.9K,1900,369,369
aileenchristineee,Aileenchristineee,5.6M,5600000,1.7M,1700000,310K,310000,1.1K,1100,2.1K,2100
mads.yo,Madison,12.7M,12700000,3.1M,3100000,322.9K,322900,954,954,710,710
itstalasafwan,ÿ™ÿßŸÑÿß ÿµŸÅŸàÿßŸÜ | Tala Safwanüåµüë∏üèΩ,3.7M,3700000,2.1M,2100000,138.2K,138200,5.2K,5200,502,502
karenos11,ùêäùêöùê´ùêûùêß ùêéùê¨,6.1M,6100000,2M,2000000,367.2K,367200,2K,2000,242,242
jojohfsex,fullhyp3,1.6M,1600000,1.4M,1400000,262.1K,262100,2.7K,2700,1.8K,1800
nansartt,nansartt,1.3M,1300000,2.1M,2100000,422.7K,422700,1.4K,1400,456,456
aviranisha,Avira Nisha,3.6M,3600000,2.5M,2500000,310.6K,310600,1.8K,1800,344,344
03emergenxy,meyes not mayes,432.5K,432500,3.4M,3400000,215.9K,215900,1.7K,1700,561,561
nuun____,Nuun üçÇ,271.8K,271800,651.6K,651600,118.1K,118100,1.5K,1500,20K,20000
iloveyourmomscatt,,8.2K,8200,1.3M,1300000,159.3K,159300,4.9K,4900,3.3K,3300
thongsoaicavip,Th√¥ng So√°i Ca,1.6M,1600000,2.7M,2700000,172K,172000,2.6K,2600,971,971
ivanantoniochacon,Tik Toker,7.2M,7200000,1.3M,1300000,461.6K,461600,1.9K,1900,806,806
jhekhoos,Jecus Andrei,3.8M,3800000,1.9M,1900000,235.9K,235900,1.3K,1300,2.4K,2400
kimpeeee,Kim Lajara,5.8M,5800000,3.4M,3400000,298.5K,298500,507,507,1.1K,1100
birdsarentreal,Birds Aren‚Äôt Real,852.8K,852800,1.5M,1500000,263.5K,263500,2.4K,2400,1.8K,1800
markoterzo,M A R K O,2.5M,2500000,1.8M,1800000,168.7K,168700,4.2K,4200,1.2K,1200
nnatalieaguilar,natalie & the aguilars,4.2M,4200000,2.8M,2800000,373.6K,373600,702,702,845,845
halinhofficial,Ha Linh Official,1M,1000000,2.6M,2600000,187.3K,187300,2.8K,2800,604,604
sosiadoneymar,Eigon Oliver,6M,6000000,2.5M,2500000,179.9K,179900,1.8K,1800,1.8K,1800
saadradio,Saad,1.7M,1700000,3.4M,3400000,260.2K,260200,1.2K,1200,670,670
leleburnier,LEL√ä BURNIER,1.4M,1400000,1.4M,1400000,326K,326000,2.7K,2700,958,958
thelandofboggs,The Land Of Boggs,5.2M,5200000,2.6M,2600000,367.7K,367700,857,857,829,829
yuna1_27,üêöYuna_Ïú†ÎÇòü§ç,2.2M,2200000,1.6M,1600000,291K,291000,1.4K,1400,2K,2000
abaas_majid_,ÿπÿ®ÿßÿ≥ ŸÖÿßÿ¨ÿØ,2M,2000000,2.1M,2100000,206.9K,206900,2.2K,2200,1.5K,1500
muhammetalisarii,Muhammet Ali Sarƒ±,264.1K,264100,2.9M,2900000,128.4K,128400,1.4K,1400,3K,3000
theluciole,Luciole,955K,955000,1.7M,1700000,395.2K,395200,2K,2000,428,428
dafaatmja,Dafaatmja,9.9M,9900000,2M,2000000,162.6K,162600,4.1K,4100,856,856
pushistyk,VL,13.3K,13300,1.9M,1900000,272.2K,272200,1.6K,1600,1.6K,1600
juliano,julianofloss,6.7M,6700000,2.1M,2100000,306.7K,306700,1.6K,1600,851,851
nicholas_crown,Nicholas Crown,1.6M,1600000,2.9M,2900000,490.5K,490500,863,863,262,262
oipedrodaher,Pedro Daher,3.1M,3100000,1.1M,1100000,206.6K,206600,1.8K,1800,5.1K,5100
jimena.jimenezr,Jimena,22.8M,22800000,1.7M,1700000,311.7K,311700,1K,1000,2K,2000
mellacarli,Mella Carli,1.7M,1700000,1.4M,1400000,220.5K,220500,2.1K,2100,3K,3000
viktoriya__bars,Viktoriya Bars,139.7K,139700,1.3M,1300000,56.6K,56600,2.2K,2200,19.4K,19400
missmarymmouser,missmarymmouser,2.9M,2900000,1.9M,1900000,255.5K,255500,2.7K,2700,570,570
coleandersonj,Cole Anderson James,1.5M,1500000,1.6M,1600000,280.5K,280500,1.2K,1200,2.3K,2300
pumbacaracal,PumbaCaracal,3.5M,3500000,2.1M,2100000,130.9K,130900,3.3K,3300,2.6K,2600
the_green_car,The Green Car,168.8K,168800,4.3M,4300000,339.8K,339800,662,662,417,417
providingforthecommunity,Russel Cameron,313.6K,313600,1.6M,1600000,114.6K,114600,5.5K,5500,3.4K,3400
hannahstocking,Hannah Stocking,25.9M,25900000,3M,3000000,338.4K,338400,967,967,582,582
pk.99999,PHUKLA,1.2M,1200000,1.5M,1500000,288.2K,288200,1.7K,1700,1.9K,1900
lilchefmil,Milan Bhayana,861.1K,861100,3M,3000000,501.1K,501100,678,678,367,367
jeremylynch,JeremyLynch,18.6M,18600000,1.7M,1700000,248K,248000,2.6K,2600,1.2K,1200
ph1lzatiktok,Ph1LzA,2.2M,2200000,980.5K,980500,309.2K,309200,4K,4000,1.1K,1100
jack_papho69,‡πÅ‡∏à‡πá‡∏Å ‡πÅ‡∏õ‡∏õ‡πÇ‡∏Æ,6.3M,6300000,2.8M,2800000,344.1K,344100,766,766,862,862
cesarpantoja.n,Cesar Pantoja,12.4M,12400000,2M,2000000,305.4K,305400,2.2K,2200,317,317
yajanaaa,Yajana Cano,5M,5000000,1.5M,1500000,255.3K,255300,767,767,3.3K,3300
dilaraaduman,Dilara Duman,1.9M,1900000,3.4M,3400000,175.8K,175800,653,653,2K,2000
justinbieber,Justin Bieber,23.6M,23600000,1.7M,1700000,197.5K,197500,3.2K,3200,1.4K,1400
lukedonkin,Luke Donkin,2.3M,2300000,1.5M,1500000,199K,199000,2.9K,2900,2.3K,2300
alexxxxan,–∫–æ—Ç–∏–∫,1.7M,1700000,1.7M,1700000,307.5K,307500,831,831,2.1K,2100
monsieurpof,Monsieur Pof,2.8M,2800000,1.7M,1700000,340.6K,340600,1.8K,1800,938,938
dennnyn,DENII,3.3M,3300000,1M,1000000,136.4K,136400,773,773,10.5K,10500
lauratheux,Laura Theux,208.3K,208300,3.5M,3500000,234.7K,234700,846,846,1K,1000
com.hyuga1117,„Äê„Ç≥„É†„Éâ„ÉÉ„Éà„Äë „Å≤„ÇÖ„ÅÜ„Åå,995.5K,995500,1.2M,1200000,199.8K,199800,4.9K,4900,1.5K,1500
robegrill,Roberto Morales,10.2M,10200000,1.9M,1900000,209.5K,209500,1.1K,1100,2.7K,2700
emoglam,–µ–º–ægla–º,1.5M,1500000,2.7M,2700000,307.3K,307300,1K,1000,806,806
luvtheflex,taryn,1.4M,1400000,1.9M,1900000,156.9K,156900,3.8K,3800,1.3K,1300
jombospice,JOMBOSPICE,7.2M,7200000,2.5M,2500000,239.8K,239800,1.9K,1900,617,617
rusuh_brooo,RUSUH BROOO,27.5K,27500,840.6K,840600,150.8K,150800,1.5K,1500,10.4K,10400
shandyjuragan99,Shandyjuragan99,1.1M,1100000,3M,3000000,183.5K,183500,1.9K,1900,869,869
pjmxck,ùêÇùê°ùê¢ùê§ùêö‚Å∑,1M,1000000,738.7K,738700,263.2K,263200,2.7K,2700,5K,5000
kamashrafi,kamran,48.2K,48200,1.2M,1200000,231.6K,231600,2.6K,2600,2.8K,2800
najihmumtaz,Najih Mumtaz945,682.3K,682300,1.6M,1600000,93.9K,93900,4.5K,4500,5.5K,5500
chelseahartisme,Chelsea Hart,1.5M,1500000,3.5M,3500000,138.9K,138900,0,0,3.1K,3100
gheayoubi08,Gheayoubi,7.9M,7900000,3.2M,3200000,171.1K,171100,1.2K,1200,1.6K,1600
annaxsitar,anna x,11.6M,11600000,3M,3000000,461.2K,461200,723,723,381,381
y.i.m_,–û—Ç–±–æ—Ä–Ω—ã–π —é–º–æ—Ä –∏ –∫–æ–º–µ–¥–∏—è üé≠,177.5K,177500,1.4M,1400000,121.3K,121300,1.2K,1200,7.7K,7700
matsu_kusarine,„É©„Éñ„Éû„ÉÑ (LOVEMATSU),563.9K,563900,2.9M,2900000,186.4K,186400,1.8K,1800,1K,1000
beinsports,beINSPORTS,1.2M,1200000,1.7M,1700000,213.8K,213800,2.2K,2200,1.9K,1900
_mister_z,Marco Zedda,4.5M,4500000,1.6M,1600000,272.2K,272200,2.4K,2400,995,995
.shuberrr,–º–∞–∫—Å–æ–Ω—á–∏q,5.8K,5800,2M,2000000,152.7K,152700,2.1K,2100,2.8K,2800
maharanikemala,maharanikemala,3.2M,3200000,2.5M,2500000,156.2K,156200,1.8K,1800,2K,2000
analisseworld,Analisseworld,9.9M,9900000,2.1M,2100000,328.9K,328900,967,967,1.2K,1200
jairsanchezzz,Jair Sanchez,6.2M,6200000,1.3M,1300000,226.9K,226900,1.8K,1800,3.5K,3500
machikayt,MachikaYT,12M,12000000,1.9M,1900000,291.1K,291100,2.2K,2200,558,558
michaelrendyw,Michael Rendy W,4.6M,4600000,3.9M,3900000,293.6K,293600,740,740,558,558
dobretwins,Lucas and Marcus,35.2M,35200000,1.8M,1800000,221.4K,221400,3.3K,3300,498,498
swagboyq,SwagBoyQ on IG,23.4M,23400000,3M,3000000,216.6K,216600,1.4K,1400,858,858
xoomid,Xoomid,8.2K,8200,1.1M,1100000,135.3K,135300,4.2K,4200,5.7K,5700
_nch04,ùêçùê†ùêÆùê≤ùêûÃÇÃÉùêß ùêáùêöÃâùê¢,4.8M,4800000,2.5M,2500000,209.1K,209100,1.4K,1400,1.4K,1400
davidgalvanv,David Galv√°n,3.9M,3900000,2.6M,2600000,244.2K,244200,1.5K,1500,807,807
usernamepuntaktahu,CEO OF SEKOLAH,587.7K,587700,2.2M,2200000,293.3K,293300,1.7K,1700,595,595
primkung007,PRIMKUNG,2.1M,2100000,1.4M,1400000,259.9K,259900,3.5K,3500,575,575
isabelgiannuzzi,Isabel,1.1M,1100000,3.5M,3500000,298.1K,298100,1.2K,1200,187,187
baileyspinn,bailey,11.1M,11100000,2.3M,2300000,296.1K,296100,2K,2000,137,137
summerwalker,Summer Walker,1.6M,1600000,1.1M,1100000,199.2K,199200,3.3K,3300,3.3K,3300
huynh_quang_6767,Hu·ª≥nh Quang - B·∫£o Ng·ªçc,457.6K,457600,2.1M,2100000,185.6K,185600,3.4K,3400,337,337
bs_fo4eek,Fo4eek,36.9K,36900,1.9M,1900000,158.8K,158800,2.6K,2600,2.1K,2100
carloandsarah,,3.3M,3300000,2.4M,2400000,188.4K,188400,1.2K,1200,1.9K,1900
nadaakkhaledd,Nada khaled,2.7M,2700000,2.1M,2100000,275.9K,275900,1.3K,1300,1.1K,1100
ups,UPS,92.6K,92600,1.2M,1200000,136.7K,136700,2.2K,2200,6.3K,6300
ninja,Ninja,8.3M,8300000,2.3M,2300000,216.2K,216200,1.6K,1600,1.4K,1400
attahalilintar,Atta Halilintar,10.1M,10100000,2.6M,2600000,288.9K,288900,1.3K,1300,661,661
nam.per,Nam Per,1.6M,1600000,2.5M,2500000,225K,225000,1.5K,1500,987,987
leal_stephany,Stephany Leal,13.1M,13100000,1.7M,1700000,351.2K,351200,738,738,1.6K,1600
lucaslopezvilet,Lucas Lopez,2.4M,2400000,1.3M,1300000,191.4K,191400,1.3K,1300,4.5K,4500
vlad.hoshin,HOSHIN,11.4M,11400000,1.1M,1100000,250.8K,250800,4.1K,4100,1K,1000
kauanahofem,Kau,7M,7000000,1.8M,1800000,262.9K,262900,1.8K,1800,1.2K,1200
xolyssarosexo,Lyssa,60.1K,60100,1.6M,1600000,92.6K,92600,8.7K,8700,1.1K,1100
joe.bartolozzi,Joe Bartolozzi,17.8M,17800000,1.5M,1500000,296.7K,296700,2.8K,2800,376,376
maxkhadarr,max khadar,1.3M,1300000,1.1M,1100000,197.6K,197600,3K,3000,3.4K,3400
jacksonaces,JACKSON ACES MAGICüé©,6.2M,6200000,1.5M,1500000,93K,93000,3K,3000,6.9K,6900
ninjagirldraws,Dania,3.6M,3600000,1.7M,1700000,147.1K,147100,2K,2000,3.5K,3500
trien.13,TRI·ªÇN CHILL,491.4K,491400,1.3M,1300000,177.1K,177100,3.9K,3900,2.1K,2100
connordewolfe,Connor DeWolfe,5.3M,5300000,1.1M,1100000,276K,276000,1.5K,1500,3K,3000
loupernaut,Lou PERNAUT,1.3M,1300000,2.4M,2400000,280.7K,280700,1.8K,1800,198,198
bxyeditss,[panyo ni irene],419.4K,419400,1.1M,1100000,202.5K,202500,2.8K,2800,3.4K,3400
totochegang,Anto,1.4M,1400000,1.4M,1400000,275.4K,275400,1.4K,1400,2.3K,2300
luciiasanese,lu,30.1K,30100,1.2M,1200000,186.9K,186900,2.7K,2700,3.6K,3600
nickandcarrie,Nick&Carrie,5.6M,5600000,1.9M,1900000,290.5K,290500,1K,1000,1.5K,1500
juanchimy,Juan Lopez,2.7M,2700000,1.4M,1400000,325.1K,325100,1.7K,1700,1.3K,1300
bene.schulz,Bene,5.7M,5700000,2M,2000000,254.6K,254600,1.6K,1600,1.1K,1100
com.amugiri2,„Äê„Ç≥„É†„Éâ„ÉÉ„Éà„Äë„ÅÇ„ÇÄ„Åé„Çä,712.3K,712300,1.3M,1300000,200.1K,200100,3.8K,3800,1.4K,1400
goldwin.reyes,GOLDWIN REYES,1.5M,1500000,2.5M,2500000,335.3K,335300,964,964,659,659
lulu_pt,Lulu,299.6K,299600,1.9M,1900000,223.9K,223900,921,921,2.2K,2200
itskingchris,KingChristian,15.3M,15300000,1.4M,1400000,258.6K,258600,2.2K,2200,1.7K,1700
fahmi.nm,Fahmi,7.6M,7600000,2.2M,2200000,237.4K,237400,1.8K,1800,748,748
farhanrn__,FARHAN,3.8M,3800000,1.7M,1700000,281.9K,281900,1.8K,1800,1K,1000
liltjay,Lil Tjay,4.4M,4400000,1.8M,1800000,221.2K,221200,2.7K,2700,775,775
vilmeijuga,VILMEI‚ú®,8.4M,8400000,1.7M,1700000,169.2K,169200,3.5K,3500,1.1K,1100
faryanggaa,Ryann,4.4M,4400000,1.7M,1700000,272.2K,272200,1.9K,1900,1K,1000
gordeewa__13,–≤–µ—á–Ω–æ –∏–∑—è—â–Ω–∞—è,9.5M,9500000,2.6M,2600000,214.5K,214500,1.8K,1800,604,604
fadiljaidi,Fadil Jaidi,7.5M,7500000,2.5M,2500000,351.6K,351600,967,967,543,543
darianrojasc,D A R I A NR O J A S,29.4M,29400000,3.1M,3100000,445K,445000,575,575,385,385
ibaillanos,Ibai,8.9M,8900000,1.5M,1500000,260.5K,260500,1.3K,1300,2K,2000
tsezy,Tommy,4.8M,4800000,2M,2000000,253.5K,253500,1.9K,1900,735,735
linhkool1993,Linh Kool,4.5M,4500000,3.3M,3300000,330.3K,330300,954,954,256,256
rayanfahmi,Rayoon,3.2M,3200000,2.2M,2200000,192K,192000,2.1K,2100,1.1K,1100
unnecessaryinventions,unnecessaryinvention,4.6M,4600000,2.2M,2200000,194.6K,194600,2K,2000,1.1K,1100
basementgang,Basement Gang,5M,5000000,1.4M,1400000,275.2K,275200,1.4K,1400,2.1K,2100
bessan_esmail,ÿ®Ÿäÿ≥ÿßŸÜ ÿßÿ≥ŸÖÿßÿπŸäŸÑ - Bessan Ismail,10.1M,10100000,1.8M,1800000,132.1K,132100,4.2K,4200,1.4K,1400
com.yuma1214,„Äê„Ç≥„É†„Éâ„ÉÉ„Éà„Äë„ÇÜ„ÅÜ„Åæ,812.7K,812700,1.3M,1300000,188.3K,188300,3.9K,3900,1.4K,1400
anggun_core,anggun‚ú®,14.8M,14800000,3.6M,3600000,178K,178000,1.3K,1300,697,697
xibibrothers,Xibi Brothers,7.6M,7600000,1.8M,1800000,246.5K,246500,888,888,2K,2000
moni_lina,MoniLina,14.5M,14500000,7.7M,7700000,128.1K,128100,367,367,942,942
avani,avani,40.4M,40400000,1.8M,1800000,237.6K,237600,2.1K,2100,874,874
haijoel,Haijoel,409.5K,409500,2.8M,2800000,167.7K,167700,2.5K,2500,279,279
samanthayve,samantha eve,5.8M,5800000,1.3M,1300000,205.4K,205400,3.4K,3400,1.4K,1400
hoaa.hanassii,ƒê√†o L√™ Ph∆∞∆°ng Hoa,10.8M,10800000,1.6M,1600000,255.3K,255300,2.4K,2400,695,695
ryanbakery,ùôçùôÆùôñùô£ùòΩùôñùô†ùôöùôßùôÆ,1.1M,1100000,1.6M,1600000,171.3K,171300,2.4K,2400,2.4K,2400
djprecise,DJ Precise,3.4M,3400000,1.7M,1700000,186.4K,186400,3.1K,3100,897,897
jeffreestar,Jeffree Star,2.2M,2200000,2.1M,2100000,208.4K,208400,2K,2000,872,872
christiandaloii_,Christiandaloii_,2.9M,2900000,1.5M,1500000,197.4K,197400,2.5K,2500,1.9K,1900
abdullah_eltourky,Eltourky üëë,6.7M,6700000,2M,2000000,235.7K,235700,1.2K,1200,1.4K,1400
oironyoliveira,Kbuloso üòà,5.9M,5900000,1.3M,1300000,87.3K,87300,490,490,10.9K,10900
lana_mohd89,ùë≥ùë®ùëµùë® ü¶ã,4.4M,4400000,2.1M,2100000,161.7K,161700,2.4K,2400,1.2K,1200
lyrico__, ü è Ä…™·¥Ñ·¥è,2.9M,2900000,1.1M,1100000,105.6K,105600,1.1K,1100,10.1K,10100
beasteater,BeastEater,18M,18000000,2.7M,2700000,248.4K,248400,1.7K,1700,208,208
nick.digiovanni,nick.digiovanni,8.6M,8600000,2.1M,2100000,295.3K,295300,1.2K,1200,778,778
milosramen,Jacobüá≠üá≥,1.3M,1300000,2.2M,2200000,272.9K,272900,1.4K,1400,665,665
steveharvey,Steve Harvey,9.2M,9200000,1.8M,1800000,176.8K,176800,1.7K,1700,2.4K,2400
ngoanhtan1,B·∫°n T·∫•n ch√∫a t·ªÉ n·ªói bu·ªìn,777.6K,777600,1.6M,1600000,153.1K,153100,2.7K,2700,2.4K,2400
gemelasabello2,gemelasabello2,13.2M,13200000,2.6M,2600000,293.2K,293200,693,693,950,950
creatorar,Arpostt,624.1K,624100,1.7M,1700000,141.3K,141300,733,733,4.4K,4400
vanrezaputra,Elaina,320.1K,320100,1.9M,1900000,163.3K,163300,2.3K,2300,1.8K,1800
bestluxurycars,Bestluxurycars,3K,3000,769.5K,769500,136.9K,136900,1.4K,1400,10.2K,10200
johaanzu,JohaanZu,3.6M,3600000,1.7M,1700000,320.2K,320200,1.6K,1600,716,716
nelyrall,NELYRALL,4.6M,4600000,1.1M,1100000,214.5K,214500,1.9K,1900,3.5K,3500
leigh_mcnasty,Leigh McClendon,2.8M,2800000,1M,1000000,157K,157000,1.3K,1300,6.1K,6100
xo4y_remont56,user4538340664186,82.9K,82900,2.7M,2700000,67.4K,67400,589,589,6K,6000
sofarsabi,SOFARSABI,5.5M,5500000,2.1M,2100000,208.4K,208400,2.2K,2200,584,584
cerolzera,CEROL,4.1M,4100000,1.7M,1700000,180.4K,180400,2.7K,2700,1.3K,1300
animalize21,animalize21üî•,10.3M,10300000,2M,2000000,248.1K,248100,1.4K,1400,1K,1000
itspierreboo,Pierre,12.5M,12500000,1.9M,1900000,278.3K,278300,1.6K,1600,753,753
lorengray,Loren Gray,54.3M,54300000,1.8M,1800000,248.4K,248400,1.5K,1500,1.2K,1200
football.tonight,football.tonight,391.5K,391500,2M,2000000,152.2K,152200,2.3K,2300,1.6K,1600
danielmidas,danielmidas,281.8K,281800,1.4M,1400000,119.1K,119100,1.6K,1600,5.5K,5500
laila_mahmoud62,ŸÑŸäŸÑŸä ŸÖÿ≠ŸÖŸàÿØ ‚ô•Ô∏è,3M,3000000,3.4M,3400000,204.7K,204700,772,772,931,931
quintongriggs,Q U I N T O N,6.4M,6400000,1.4M,1400000,169.8K,169800,3.3K,3300,1.7K,1700
erictro,Eric Tro,2.2M,2200000,3.7M,3700000,358.8K,358800,453,453,438,438
doongool,üî•Dongolüî•,3.1M,3100000,2.2M,2200000,255K,255000,1.1K,1100,1K,1000
madozilla,mad,5.7M,5700000,888.9K,888900,194.4K,194400,3.9K,3900,2.9K,2900
anxietycouple,Anxiety couple,10.7M,10700000,2.6M,2600000,274.9K,274900,765,765,886,886
nildachiaraviglio,NildaChiaraviglio,798.9K,798900,1.3M,1300000,117.9K,117900,723,723,7K,7000
haccon.01,ùêáùêöÃ£ùêú ùêÇùê®ùêßü¶©,325.1K,325100,1.9M,1900000,157.8K,157800,3.6K,3600,314,314
fukada0318,Ê∑±Áî∞„Åà„ÅÑ„Åø,4.6M,4600000,2M,2000000,150.8K,150800,2.6K,2600,1.3K,1300
ahmedbasyoni,Ahmed Basyoni,1.2M,1200000,1.7M,1700000,125.9K,125900,2.4K,2400,3K,3000
sinadeinert,sinadeinert,5.5M,5500000,967.7K,967700,207.5K,207500,4.6K,4600,1.2K,1200
austinandlexi,‚ö°Ô∏èAustin & Lexi üí•,3.2M,3200000,1.3M,1300000,253.3K,253300,1.5K,1500,2K,2000
jayrscottyy,Jordan Scott,2.3M,2300000,900.6K,900600,173.1K,173100,3.7K,3700,3.7K,3700
manja_faiez,Manja,593.1K,593100,1.5M,1500000,128K,128000,2.2K,2200,3.8K,3800
moontellthat,MOONTELLTHAT,13.1M,13100000,2.3M,2300000,156.9K,156900,1.7K,1700,1.6K,1600
baraa.bolat,@baraabolat,1.6M,1600000,2.3M,2300000,143.9K,143900,2.5K,2500,959,959
yurika_aruno,Danoneüíï,2.8M,2800000,1.3M,1300000,209.9K,209900,2.9K,2900,1.3K,1300
360tv,ARISHA ROSS,9.9M,9900000,2M,2000000,162K,162000,3K,3000,461,461
its.__yara,its._yara,749.5K,749500,1.1M,1100000,65.4K,65400,7.3K,7300,8.6K,8600
ava_love33,Ava Love,2.7M,2700000,1.5M,1500000,299.5K,299500,2.1K,2100,471,471
mohaimen.alaa,ŸÖŸáŸäŸÖŸÜ ÿπŸÑÿßÿ°,2.9M,2900000,1.2M,1200000,190.4K,190400,3.5K,3500,1.5K,1500
officialsalicerose,Salice Rose,18.6M,18600000,1.1M,1100000,201.3K,201300,1.8K,1800,3.4K,3400
hisoyvaleria,‚ûñV A L E R I A ‚ûñ,6.2M,6200000,2.7M,2700000,354.7K,354700,803,803,380,380
saaihalilintar,SAAIH HALILINTAR,4.3M,4300000,3M,3000000,272.4K,272400,893,893,492,492
pierson,Pierson,12.5M,12500000,2M,2000000,287K,287000,1.7K,1700,306,306
mursid241,Mursid,2.2M,2200000,2.4M,2400000,179.1K,179100,2.3K,2300,416,416
stayc_official,STAYC,1.3M,1300000,1.6M,1600000,181.1K,181100,2.9K,2900,1K,1000
liamsilk,Liam Silk,6.9M,6900000,890.6K,890600,249.6K,249600,2.6K,2600,2.5K,2500
deangerald,ùïØùñäùñÜùñì,382K,382000,1.3M,1300000,193.9K,193900,607,607,3.8K,3800
polya_tuti,–ü–æ–ª—è —Ç—É—Çüî•üëá,2.3M,2300000,3.1M,3100000,250.6K,250600,711,711,730,730
trevorwallace,trevor wallace,7.3M,7300000,1.5M,1500000,208.7K,208700,759,759,2.8K,2800
jarvali,Jarvis,2.2M,2200000,1.2M,1200000,251.7K,251700,2.1K,2100,1.6K,1600
gertieinar,Gerti & Megi,2.5M,2500000,4M,4000000,162.3K,162300,904,904,835,835
_angelomarasigan,Angelo,484K,484000,1.4M,1400000,206.7K,206700,2.1K,2100,1.8K,1800
lupinelakes,Lupine,81.4K,81400,1.9M,1900000,376.2K,376200,781,781,811,811
jauncydev,jonny devaney,1.5M,1500000,1.1M,1100000,172K,172000,1.3K,1300,4.6K,4600
ivoryowl,Makayla,1.1M,1100000,1.4M,1400000,238K,238000,1.8K,1800,1.5K,1500
joshrichards,Josh Richards,25.6M,25600000,2.2M,2200000,297.8K,297800,991,991,691,691
haga7_dayo,HAGA SEVEN/ No Warüïä,1.7M,1700000,2.8M,2800000,120.9K,120900,914,914,2.3K,2300
itsmenicksmithy2,Nick Smithyman üòé,9.8M,9800000,1.6M,1600000,217K,217000,1.9K,1900,1.4K,1400
so_andreyy,So_Andrey,541.1K,541100,2.2M,2200000,111.8K,111800,537,537,4K,4000
la.maraaa,LA MARA,6.1M,6100000,959.7K,959700,213.9K,213900,5.1K,5100,277,277
paulorgds,pauloüåª,375.9K,375900,1.4M,1400000,224.9K,224900,1.3K,1300,2.2K,2200
murphslife,Aaron Murphy,4.7M,4700000,1.5M,1500000,173.4K,173400,1.4K,1400,2.8K,2800
okthatscreepy,OkThat‚ÄôsCreepy,366.8K,366800,3.1M,3100000,144.3K,144300,1.2K,1200,1.3K,1300
dylanpage.ning,Dylan Page,2.5M,2500000,1.2M,1200000,196.9K,196900,2.8K,2800,1.9K,1900
fabiola.baglieri,ùêπùëéùëèùëñùëúùëôùëé,11.6M,11600000,2.4M,2400000,288.7K,288700,1.3K,1300,294,294
tnt_500,‡∏ó‡∏≤‡∏à‡∏¥‡∏°‡∏≤‡∏ô‡∏∞ ‡πÄ‡∏£‡∏µ‡∏¢‡∏ß,24.1K,24100,1.7M,1700000,236.5K,236500,1.2K,1200,1.6K,1600
rawanfahmii,rawan,3.4M,3400000,1.8M,1800000,189.7K,189700,1.7K,1700,1.5K,1500
bigcheese8581,Matt ‚ÄúBig Cheese‚Äù,7.6K,7600,1.3M,1300000,187.3K,187300,581,581,4K,4000
demin02_,–ù–∏–∫–∏—Ç–∞,1M,1000000,1.4M,1400000,223.4K,223400,1.9K,1900,1.6K,1600
charlyokei,Charlyy,3.7M,3700000,2.4M,2400000,300.1K,300100,914,914,583,583
pollyjaewebster,Polly-Jae,158.4K,158400,1.6M,1600000,188.8K,188800,2.2K,2200,1.4K,1400
leventgeiger,Levent Geiger,3.1M,3100000,1.2M,1200000,165.5K,165500,2.6K,2600,2.9K,2900
floofnoodles,Floofnoodles,17M,17000000,1.3M,1300000,154K,154000,1.8K,1800,3.8K,3800
stwartabdala,‚Ä¢  R A T O N C I T O üßÄüêÅ,538.8K,538800,932.6K,932600,79.2K,79200,905,905,13.6K,13600
com.yuta0305,„Äê„Ç≥„É†„Éâ„ÉÉ„Éà„Äë„ÇÜ„ÅÜ„Åü,1M,1000000,949.1K,949100,179.7K,179700,4.3K,4300,2K,2000
kxmzzzy,kxmz,370.1K,370100,2M,2000000,218.3K,218300,999,999,1.4K,1400
faulox_,faulox,6.8M,6800000,1.7M,1700000,172.4K,172400,2.7K,2700,1K,1000
yourrkayesss,kayess,4.8M,4800000,1.1M,1100000,169K,169000,3.2K,3200,2.8K,2800
oliviaalpert,Olivia Alpert,52.7K,52700,2.6M,2600000,139.1K,139100,1.9K,1900,996,996
brodywellmaker,Brody Wellmaker,20.3M,20300000,1.8M,1800000,229.8K,229800,1.3K,1300,1.3K,1300
ranierao,rani,18.1K,18100,929.9K,929900,251.6K,251600,2.6K,2600,1.9K,1900
antrobo10,Anthony,545K,545000,850.4K,850400,128.1K,128100,2.3K,2300,7.2K,7200
therealmaneskin,M√•neskin,5.4M,5400000,1.1M,1100000,214K,214000,2.9K,2900,1.5K,1500
gustavomeloof,Gustavo Melo,4.6M,4600000,1.2M,1200000,86.8K,86800,1.3K,1300,8.6K,8600
samsamne0,Sam Samm,709.4K,709400,2.1M,2100000,187.7K,187700,1.8K,1800,893,893
bassant33,üî•bassantOfficialüî•,4.5M,4500000,2.7M,2700000,162.2K,162200,1.6K,1600,793,793
aichangemoy_,YT : AiChan TV,6.6M,6600000,1.7M,1700000,191.2K,191200,2.5K,2500,680,680
jaytorresss,Jay Torres,3.8M,3800000,1.8M,1800000,242.7K,242700,844,844,1.6K,1600
xvusex,T,21.1K,21100,951.6K,951600,199.1K,199100,1.3K,1300,4.1K,4100
sibenitoo,SiBenitoo,4.7M,4700000,2.2M,2200000,140K,140000,1.7K,1700,1.7K,1700
jumpersjump,Jumpers Jump Podcast,6.4M,6400000,2.1M,2100000,220.1K,220100,1.7K,1700,486,486
williesalim,WILLIE SALIM,8.3M,8300000,1.9M,1900000,148.2K,148200,2.9K,2900,713,713
itsari.aleise,Arianna Hailey,11.8M,11800000,1.7M,1700000,322.8K,322800,1.6K,1600,359,359
arilbjn,Mochamad,51.3K,51300,1.3M,1300000,221.9K,221900,955,955,2.7K,2700
camxnie,Cam & Nie,3.2M,3200000,1.4M,1400000,173.9K,173900,544,544,3.7K,3700
cristobalsoria,Crist√≥bal Soria,572K,572000,1.2M,1200000,120.2K,120200,4.4K,4400,2.7K,2700
japeth023,japeth023,557.9K,557900,1.5M,1500000,194.2K,194200,1.6K,1600,1.9K,1900
venao2323,YANFRY EL TIERNOüôà,4.2M,4200000,1.5M,1500000,166.6K,166600,1K,1000,3K,3000
kuki_yt,Kuki_youtube,1.8M,1800000,1.5M,1500000,315.7K,315700,1.3K,1300,774,774
ozikoy,KOY,6.9M,6900000,2.2M,2200000,186.4K,186400,1.2K,1200,1.3K,1300
swaghoe666,Tik Toker,1.4M,1400000,2.1M,2100000,306.5K,306500,1.1K,1100,501,501
robsonabreu,Robson Abreu,3.2M,3200000,1.4M,1400000,82K,82000,8.3K,8300,470,470
juliagisella,Julia Gisella,10.2M,10200000,784.4K,784400,186.9K,186900,3.1K,3100,3.7K,3700
andreslleal,Andr√©s Leal,2.8M,2800000,1.7M,1700000,91.6K,91600,3.7K,3700,2.9K,2900
gabryellurlan,Gabryell Urlan,6.8M,6800000,1.4M,1400000,221.9K,221900,1.2K,1200,2.1K,2100
kagramanana,kagramana,6.2M,6200000,1.2M,1200000,184.1K,184100,1K,1000,3.5K,3500
yizaroff,YIZARO,4M,4000000,1.4M,1400000,225.1K,225100,2.6K,2600,611,611
adamw,Adam W,15.7M,15700000,1.8M,1800000,179.5K,179500,1.1K,1100,1.9K,1900
xoteam,XO Team,32.1M,32100000,2.1M,2100000,222.9K,222900,1.6K,1600,481,481
saydenseay,Sayden,3.3M,3300000,938.9K,938900,257.3K,257300,1.6K,1600,2.5K,2500
justthenobodys,JustTheNobodys,7.1M,7100000,1.4M,1400000,175.8K,175800,2.2K,2200,1.8K,1800
snerixx,Sam Erix,8M,8000000,1.9M,1900000,369.2K,369200,1K,1000,361,361
valenrewah,Valent,7.5M,7500000,2.4M,2400000,272.6K,272600,929,929,605,605
cheekyboyos,the cheeky boyos,10.9M,10900000,1.8M,1800000,252.8K,252800,1.3K,1300,867,867
cokodive,cokodive,188.5K,188500,871.1K,871100,172.5K,172500,2.8K,2800,3.7K,3700
_tusya_kiskis,_Tusya_kiskis,6.7M,6700000,1.4M,1400000,161.2K,161200,1.5K,1500,2.8K,2800
danaandthewolf,danaandthewolf,187.3K,187300,2.5M,2500000,252.5K,252500,824,824,712,712
pakoyaso_,Pakoyaso,9.5M,9500000,1.8M,1800000,216.1K,216100,1.2K,1200,1.4K,1400
zhenyalavrik,–ü–µ—Ä–µ–µ–∑–¥ –≤ –¢—É—Ä—Ü–∏—é üáπüá∑,364.5K,364500,3.2M,3200000,69.4K,69400,1.8K,1800,2.6K,2600
teukuryantr,teukuryantr,3.1M,3100000,1.7M,1700000,236.8K,236800,1.3K,1300,1.1K,1100
jamescharles,James Charles,36.1M,36100000,1.7M,1700000,191.6K,191600,2.2K,2200,752,752
zhenyalavrik,–ü–µ—Ä–µ–µ–∑–¥ –≤ –¢—É—Ä—Ü–∏—é üáπüá∑,364.5K,364500,3.2M,3200000,69.4K,69400,1.8K,1800,2.6K,2600
teukuryantr,teukuryantr,3.1M,3100000,1.7M,1700000,236.8K,236800,1.3K,1300,1.1K,1100
jamescharles,James Charles,36.1M,36100000,1.7M,1700000,191.6K,191600,2.2K,2200,752,752
cardncyn,Carddd,1.5M,1500000,2.5M,2500000,271.1K,271100,791,791,623,623
mariahandbill,Mariah and Bill ·É¶,13.9M,13900000,2.7M,2700000,217.8K,217800,1.2K,1200,462,462
jamal.jamael,Karim Jamal,2.6M,2600000,1.4M,1400000,203.4K,203400,2.4K,2400,991,991
nastasyashinee,üáÆüá© BAGUS ISTRI üáÆüá©,4.9M,4900000,2.5M,2500000,154.5K,154500,1.6K,1600,880,880
riska_nurwidia,Riska Nur Widia,2.6M,2600000,2.5M,2500000,276.8K,276800,623,623,755,755
ermo1enko,üñ§–¢–í–û–Ø –í–ï–ß–ï–†–ò–ù–ö–êüñ§,1.7M,1700000,1.7M,1700000,326.3K,326300,870,870,849,849
mackenzieziegler,Mackenzie Ziegler,22.1M,22100000,2.1M,2100000,325.5K,325500,1K,1000,380,380
yarenalaca,Yaren Alaca,5.4M,5400000,1.6M,1600000,119.2K,119200,4.6K,4600,513,513
gabrielvalland,Gabriel Valland,958.2K,958200,1.1M,1100000,257.9K,257900,1.7K,1700,1.7K,1700
judiitharias,Judith & √Ångel üôãüèª‚Äç‚ôÄÔ∏èüôãüèΩ‚Äç‚ôÇÔ∏è,15.7M,15700000,3.1M,3100000,302K,302000,763,763,249,249
adamrayokay,ADAMRAY,6.8M,6800000,1.9M,1900000,217.6K,217600,1.7K,1700,629,629
ethob0t,Ethobot,534.2K,534200,2.4M,2400000,203.1K,203100,1.3K,1300,668,668
soylapizito,lapizito,13.3M,13300000,2.1M,2100000,277.2K,277200,1.2K,1200,442,442
fadeewa_makeup,–§–∞–¥–µ–µ–≤–∞ü¶û,760.2K,760200,1.3M,1300000,113.2K,113200,1.7K,1700,4.6K,4600
rosssmith,Ross Smith,21.8M,21800000,1.4M,1400000,263.3K,263300,814,814,1.7K,1700
bentleybuilds,Bentley Bastian,72K,72000,3.1M,3100000,77.6K,77600,826,826,3.1K,3100
edwinmendozza,ùñäùñâùñúùñéùñì,14.2M,14200000,1.8M,1800000,393.6K,393600,1K,1000,349,349
cocielo,J√∫lio Cocielo,4.3M,4300000,1.3M,1300000,204.6K,204600,1.5K,1500,2K,2000
riqqo_,Riqqo_,66K,66000,2.9M,2900000,170.3K,170300,1.5K,1500,361,361
lgndfrvr,LGNDFRVR,15.8M,15800000,1.9M,1900000,241.3K,241300,670,670,1.3K,1300
jajad5,jajad5,630.8K,630800,982.4K,982400,263.8K,263800,2.1K,2100,1.5K,1500
cocinaconcoqui,cocinaconcoqui,2M,2000000,1.4M,1400000,278.3K,278300,628,628,1.7K,1700
rucenuenda1,Ruce Nuenda,1.1M,1100000,1.6M,1600000,280.9K,280900,1.5K,1500,589,589
thaotaotau,Ph∆∞∆°ng Th·∫£o,5.1M,5100000,2.5M,2500000,267.9K,267900,1.2K,1200,237,237
brycehall,Bryce Hall,21.3M,21300000,2.4M,2400000,283.2K,283200,901,901,476,476
just_dt,Dt,8.9M,8900000,1.1M,1100000,198.6K,198600,1.8K,1800,2.5K,2500
seleterr,seleterr,27.1K,27100,1.5M,1500000,180.5K,180500,807,807,2.5K,2500
teamsport_philipp,Teamsport_Philipp,23.2K,23200,957.2K,957200,140.4K,140400,2.1K,2100,4.6K,4600
arananadam38,Okan Ta≈üdemir,175.1K,175100,2M,2000000,60K,60000,967,967,6.6K,6600
mngnzls,MONA,13M,13000000,2.6M,2600000,191.1K,191100,1.5K,1500,310,310
niico_pr,–º–∏—à–∞,1.1M,1100000,1.4M,1400000,197.7K,197700,1.9K,1900,1.3K,1300
keemokazi,KEEMOKAZI,26M,26000000,2.1M,2100000,256K,256000,1.4K,1400,293,293
vivi,Vivi,10.3M,10300000,1.7M,1700000,224.7K,224700,2K,2000,412,412
german_crusader,Stardust Crusader,99K,99000,902.5K,902500,149K,149000,1.6K,1600,5.1K,5100
whitehernandez,Blanca Hern√°ndez,112.6K,112600,1.4M,1400000,229.7K,229700,1.4K,1400,1.4K,1400
shyazryne,aEiOu,86.2K,86200,2.9M,2900000,316K,316000,595,595,373,373
rozhkova.olesya,Roozhkova,850K,850000,1.5M,1500000,197.2K,197200,964,964,2.1K,2100
mosqvin_,–¢–∞ —Å–∞–º–∞—è —É—á–∏–ª–∫–∞‚ù§Ô∏èüî•,2.6M,2600000,1.9M,1900000,348.5K,348500,714,714,637,637
sepultacion,mari,6.4M,6400000,1.3M,1300000,301.4K,301400,1.9K,1900,404,404
kaansanity,aakaanksh,4.9M,4900000,1.1M,1100000,86.4K,86400,569,569,8.8K,8800
dizzlipin,diZzLipin,909.6K,909600,1.9M,1900000,79.9K,79900,5.5K,5500,356,356
aldomirandar,üòÇ Aldo Miranda üòÇ,8.4M,8400000,1.3M,1300000,212.7K,212700,605,605,2.7K,2700
nicolebernaal,nicolebernaal,4M,4000000,2.2M,2200000,351.3K,351300,957,957,195,195
bellaretamosa,bella,5.1M,5100000,2.5M,2500000,340.4K,340400,901,901,145,145
tunico80,üå†Antonio Tononüå†,5.8M,5800000,1M,1000000,206.8K,206800,2K,2000,2.1K,2100
armon.warren,Armoney,1.2M,1200000,1.9M,1900000,300.8K,300800,904,904,630,630
soanhvadiephihi,Soanh x Di·ªáp üíé,1.6M,1600000,2.6M,2600000,273.2K,273200,720,720,530,530