Tiktoker,influencer name,Subscribers count,Subscribers count,Views avg.,Views avg.,Likes avg,Likes avg,Comments avg.,Comments avg.,Shares avg,Shares avg
___nicoichi___,NICOã€å¹³æˆãƒ•ãƒ©ãƒŸãƒ³ã‚´ã€‘,1.3M,1300000,1.9M,1900000,225.3K,225300,1.7K,1700,1.1K,1100
_.anime.edits_0,video,97K,97000,1.7M,1700000,75.6K,75600,1.5K,1500,8.7K,8700
_.respect.boss._,Respect compilation ğŸ¤ğŸ¥¶,1.5M,1500000,4.4M,4400000,241.9K,241900,249,249,797,797
_.the.meme.hub._,RANDOM MEMES,2.3M,2300000,3.8M,3800000,787.7K,787700,2.9K,2900,9K,9000
_andrewcurtiss,Andrew Curtis,2.5M,2500000,1.4M,1400000,300.4K,300400,5.8K,5800,4K,4000
_emil_official,EMÄ°Lâ¤ï¸,600.9K,600900,2.5M,2500000,61.9K,61900,1.2K,1200,9.5K,9500
_ikyikyyy,ikyikyyy,3.1M,3100000,1.5M,1500000,185.3K,185300,1.5K,1500,1.6K,1600
_jennifernierva,Jennifer Nierva,1M,1000000,2.4M,2400000,321.1K,321100,1.9K,1900,1K,1000
_mister_z,Marco Zedda,4.9M,4900000,2.3M,2300000,407.3K,407300,3.2K,3200,3K,3000
_nch04,ğğ ğ®ğ²ğÌ‚Ìƒğ§ ğ‡ğšÌ‰ğ¢,4.9M,4900000,3.9M,3900000,235.3K,235300,1.3K,1300,1.2K,1200
_space.draws_,Space Draws,2.6M,2600000,2M,2000000,227.1K,227100,1.6K,1600,817,817
_subtitulos_,KUWTK,92.8K,92800,3.4M,3400000,432.7K,432700,960,960,690,690
_surya_editz_,ğŸ˜ˆ,551.2K,551200,3.5M,3500000,330.6K,330600,1.1K,1100,2.1K,2100
_xochitl.gomez,XÃ³chitl GÃ³mez,4.4M,4400000,6.1M,6100000,1.1M,1100000,9,9,3.4K,3400
_xsyalisx_,Nya uwu xd,144.3K,144300,1.8M,1800000,347.5K,347500,2.4K,2400,2.7K,2700
.jmwalton,ğ™… âš¡ï¸,1.2M,1200000,3.4M,3400000,667K,667000,15.3K,15300,5.6K,5600
1642l4,Ø¹Ø·ÙˆÙŠ Ø®Ø§Ù†ØªÙ‡ Ø³ÙˆØ¯ Ø§Ù„Ù„ÙŠØ§Ù„ÙŠ,15K,15000,1.3M,1300000,64.2K,64200,2.8K,2800,13.6K,13600
1asos,Ø§Ø³Ø±Ø§Ø¡ ÙØ±Ø¬,3.5M,3500000,2.5M,2500000,174.3K,174300,1.2K,1200,1.4K,1400
230.s,Ù†ØµØ§Ø¦Ø­ ÙˆØ§Ø®Ø¨Ø§Ø± ÙÙŠÙØ§.,13.6K,13600,2.2M,2200000,159.2K,159200,1.5K,1500,1.3K,1300
42psy42,PSY,3.9M,3900000,2.5M,2500000,417.8K,417800,2.2K,2200,1.2K,1200
4q2y,Ø¯Ù†ÙˆÙˆ,1.5M,1500000,1.7M,1700000,140.2K,140200,3.6K,3600,1.2K,1200
7uss.n,Ø­Ø³ÙŠÙ† Ø§Ù„Ø­Ø±ÙŠØ¨ÙŠğŸŒ»,1.5M,1500000,2.2M,2200000,225.5K,225500,2.2K,2200,2.5K,2500
aachoyy,chaa Ëšâ—â™¡,494.9K,494900,2.4M,2400000,356.2K,356200,2.4K,2400,519,519
abba,ABBA,2.5M,2500000,10.1M,10100000,2M,2000000,7.6K,7600,8K,8000
abbieherbert,AbbieHerbert,13.2M,13200000,4.2M,4200000,557K,557000,1.4K,1400,959,959
abir.sag,Abir e sag,12.7M,12700000,3.9M,3900000,302.8K,302800,2.1K,2100,2.1K,2100
aboody_kareem,Ø¹Ø¨ÙˆØ¯ÙŠ ÙƒØ±ÙŠÙ…,7.2M,7200000,1.5M,1500000,167.7K,167700,2.6K,2600,1.5K,1500
actressbecc,Becca Bastos,1.4M,1400000,745.2K,745200,207.4K,207400,1.5K,1500,3.7K,3700
actually.average,Reed,1.2M,1200000,1.1M,1100000,320.9K,320900,4K,4000,3K,3000
adammilardovicc,Adammilardovic,8.1M,8100000,2.2M,2200000,184.8K,184800,1.6K,1600,943,943
adamsilvera,Adam Silvera,93.7K,93700,2.2M,2200000,616.3K,616300,6K,6000,4.6K,4600
addisonre,Addison Rae,88M,88000000,7.5M,7500000,704.3K,704300,4.3K,4300,2K,2000
adi.syahreza,Adi Syahreza,7M,7000000,2.2M,2200000,278.7K,278700,1.9K,1900,1.8K,1800
adrianbliss,Adrian Bliss,6M,6000000,3M,3000000,479K,479000,1.5K,1500,4.8K,4800
adrilatinatv,adrilatinatv,25.6M,25600000,3.1M,3100000,243.4K,243400,1.5K,1500,190,190
aemilst,ems,1.3M,1300000,1.5M,1500000,224.3K,224300,2K,2000,3.4K,3400
aerilzafrel8,aerilzafrel,1.9M,1900000,2.3M,2300000,216.8K,216800,4.7K,4700,1.8K,1800
aespa_official,aespa official,5M,5000000,9.5M,9500000,2.2M,2200000,33.9K,33900,29.2K,29200
aichangemoy_,YT : AiChan TV,8.4M,8400000,2.7M,2700000,250.5K,250500,3.2K,3200,2.6K,2600
aiki_kr,ì•„ì´í‚¤ Aiki,2.1M,2100000,1.9M,1900000,361.4K,361400,1.7K,1700,1.3K,1300
ailaughatmyownjokes,"it's a me, Silvia :)",1.9M,1900000,1.4M,1400000,340.4K,340400,1.4K,1400,4.3K,4300
ajkhiphop,kelil,36.5K,36500,4.6M,4600000,670.6K,670600,686,686,355,355
akamztwenty20,Akamz,20.4M,20400000,3.8M,3800000,410.5K,410500,1.3K,1300,1.7K,1700
akgunnice,GÃ–ZDE AKGÃœN,2.4M,2400000,4.6M,4600000,143K,143000,1.3K,1300,436,436
akramadinas,AK,3.9M,3900000,1.6M,1600000,374.6K,374600,3.1K,3100,1.2K,1200
albert_cancook,albert_cancook,6.7M,6700000,6.2M,6200000,524.9K,524900,1.9K,1900,2.1K,2100
albertinasacaca,Albertina sacaca1,1.5M,1500000,4M,4000000,464.4K,464400,2.4K,2400,787,787
albertinasacaca1,Albertina Sacaca Cal,4.8M,4800000,2.5M,2500000,226.1K,226100,2.5K,2500,575,575
alejandrodelcarpio96,Alejandro del Carpio,148.6K,148600,2.5M,2500000,233.8K,233800,1.5K,1500,255,255
alex_abt,AlexAbt,109K,109000,2.3M,2300000,371.5K,371500,592,592,307,307
alexbatistao,Alex ramos22,3.2K,3200,951.7K,951700,46.6K,46600,1.7K,1700,19.4K,19400
alexitoxedits,ALEX <3,2.8M,2800000,966K,966000,276.7K,276700,2.5K,2500,3.3K,3300
alexwaarren,Alex warren,15.3M,15300000,2.7M,2700000,643.7K,643700,635,635,417,417
alezha.obukhov,ĞĞ»ĞµĞ¶Ğ° ĞĞ±ÑƒÑ…Ğ¾Ğ²,681.2K,681200,2.2M,2200000,251.1K,251100,697,697,1.2K,1200
alfaanm,alfan,101.1K,101100,647.2K,647200,45.7K,45700,1K,1000,35.7K,35700
ali.samir11,Ø¹Ù„ÙŠ Ø³Ù…ÙŠØ±,2.5M,2500000,1.7M,1700000,215.7K,215700,6.7K,6700,982,982
aliciasaavedra_,@aliciastylish,353.1K,353100,4.9M,4900000,113.8K,113800,1.3K,1300,25.8K,25800
alliep.andrews2nd,allieandrews,31.4K,31400,3.1M,3100000,432.6K,432600,1.4K,1400,750,750
alrslani20,Ø§Ù„Ù…Ù†Ø´Ø¯/Ù…Ø§Ø¬Ø¯ Ø§Ù„Ø±Ø³Ù„Ø§Ù†ÙŠ,499.8K,499800,2.3M,2300000,100.2K,100200,2.1K,2100,4.7K,4700
alteregofanbase7,ğ˜¼ğ™‡ğ™ğ™€ğ™ğ™ƒğ™Šğ™‡ğ™„ğ˜¾,178.7K,178700,2.6M,2600000,267.3K,267300,560,560,654,654
alxjames,Alx James,2.1M,2100000,1.7M,1700000,278.5K,278500,1.9K,1900,9.7K,9700
amauryguichon,Amaury Guichon,11.2M,11200000,17M,17000000,1.4M,1400000,10.7K,10700,15.2K,15200
amrmaskoun,Amrmaskoun,967K,967000,2M,2000000,169.9K,169900,2.1K,2100,1.8K,1800
ana_eusse,Ana Maria,11.7M,11700000,2.4M,2400000,343.6K,343600,1K,1000,166,166
analisseworld,Analisseworld,10.3M,10300000,2.3M,2300000,418.7K,418700,926,926,1K,1000
anaraquelhz,Raquel,4M,4000000,1.6M,1600000,185.9K,185900,1.4K,1400,6.8K,6800
anas_elshayib,Ø§Ù†Ø³ Ø§Ù„Ø´Ø§ÙŠØ¨,3.9M,3900000,3.1M,3100000,182.1K,182100,4.6K,4600,1.9K,1900
andcarli,Anderson Carli,8.1M,8100000,7M,7000000,236.5K,236500,1.3K,1300,589,589
andremastijan,andre,723.7K,723700,5.2M,5200000,360K,360000,2.7K,2700,12.5K,12500
andy.and.michelle,Andy & Michelle,4.4M,4400000,2.8M,2800000,399.9K,399900,1.8K,1800,4.6K,4600
anitta,Anitta,20M,20000000,2.4M,2400000,256.8K,256800,945,945,380,380
anna..paull,Anna Paul,4.4M,4400000,3.1M,3100000,731.7K,731700,2.1K,2100,474,474
annajobling,anna jobling,477K,477000,4.1M,4100000,482.7K,482700,4.5K,4500,2K,2000
annaxsitar,anna x,11.9M,11900000,3.1M,3100000,454.2K,454200,741,741,424,424
apollolikesblu,Apollolol,3K,3000,702.3K,702300,124.5K,124500,9.5K,9500,2.1K,2100
areyoukiddingtv,Joey and Steven,4.8M,4800000,4.1M,4100000,648.8K,648800,2.5K,2500,316,316
arfaytb,ARFAYTB,372.7K,372700,894.1K,894100,108.7K,108700,456,456,7.6K,7600
argentinidadnovelera,zoe,91.8K,91800,1.8M,1800000,160.5K,160500,953,953,10.8K,10800
arigameplays,AriGameplays,21.5M,21500000,4.9M,4900000,559K,559000,2.7K,2700,2.3K,2300
artbydemarcusshawn,DemarcusShawn,6.1M,6100000,1.8M,1800000,273.8K,273800,2.7K,2700,2.8K,2800
ashmonterooo,ash,8.9K,8900,2.6M,2600000,437.2K,437200,6.6K,6600,15.4K,15400
aubreyandersonemmons,Heyyyy,1.1M,1100000,1.8M,1800000,320.8K,320800,2K,2000,1.8K,1800
augustogimenez,AugustoGimenez,12.5M,12500000,4.4M,4400000,562.8K,562800,1.2K,1200,538,538
aureliehermansyahatta,Aurelie Hermansyah,7.4M,7400000,1.9M,1900000,190.1K,190100,1.4K,1400,1.3K,1300
aurikatariina,á´€á´œÊ€Éª âœ¨,7.4M,7400000,8.9M,8900000,1M,1000000,4K,4000,3.7K,3700
aussiesdoingthings,Aussies Doing Things,2.7M,2700000,1.2M,1200000,170K,170000,602,602,3.6K,3600
aussiesdoingthings,Aussies Doing Things,2.7M,2700000,1.2M,1200000,170K,170000,602,602,3.6K,3600
austenalexander,Austen Alexander,321.4K,321400,1.3M,1300000,125.7K,125700,1.1K,1100,5.2K,5200
avanireyes,Avani ğŸ‘½,5.1M,5100000,3.5M,3500000,283.6K,283600,1.9K,1900,542,542
awildani13,NgebisOnline,77.2K,77200,3.7M,3700000,498.4K,498400,5.9K,5900,4.4K,4400
ayaatanjali_,AyağŸ˜,5.9M,5900000,1.6M,1600000,303.1K,303100,1.2K,1200,780,780
ayanakamachi,ä¸­ç”ºç¶¾,1.4M,1400000,3.2M,3200000,206.5K,206500,1K,1000,1.8K,1800
aybukeyim,AybÃ¼ke,1.2M,1200000,3.1M,3100000,162.7K,162700,2.1K,2100,500,500
aydenmekus,AYDEN MEKUS,10.5M,10500000,3.6M,3600000,275.4K,275400,8.6K,8600,1.3K,1300
ayesebastien,Sebastien,7.2M,7200000,2M,2000000,396.5K,396500,2.1K,2100,1.8K,1800
aylin.criss,Aylin,17.3M,17300000,2.6M,2600000,385.7K,385700,2.1K,2100,355,355
badbunny,Bad Bunny,22.2M,22200000,48.9M,48900000,9M,9000000,58.4K,58400,96.7K,96700
baimwong,Baim Wong,8.5M,8500000,2.1M,2100000,130.6K,130600,2K,2000,1.9K,1900
bankkamo46_,bankkamo46_ğŸ¦–,1.3M,1300000,1.5M,1500000,204.7K,204700,1.1K,1100,3K,3000
bara_ze,BARA Ze,2.5M,2500000,1.8M,1800000,118.8K,118800,4.3K,4300,2.4K,2400
barbaracoura,BÃ¡rbara Coura,8.8M,8800000,1.5M,1500000,239.7K,239700,1.4K,1400,816,816
basementgang,Basement Gang,5.4M,5400000,2.9M,2900000,256.2K,256200,1.9K,1900,2.7K,2700
bavariamedic,bavaria.medic,489.7K,489700,7.1M,7100000,553.6K,553600,1.6K,1600,3.4K,3400
bayashi.tiktok,ãƒãƒ¤ã‚·ğŸ¥‘Bayashi,28.4M,28400000,6.2M,6200000,713.1K,713100,3.6K,3600,2K,2000
baylenlevine,Baylen Levine,4.2M,4200000,1.2M,1200000,190.3K,190300,2.9K,2900,903,903
bdylanhollis,B. Dylan Hollis,8.6M,8600000,3.5M,3500000,792.8K,792800,4.1K,4100,10.4K,10400
bear,blackbear,1.2M,1200000,2.8M,2800000,284.4K,284400,1.1K,1100,371,371
beberexha,BebeRexha,7.3M,7300000,2M,2000000,278K,278000,3.7K,3700,1.8K,1800
bebopandbebe,BebopandBebe,750.4K,750400,3.3M,3300000,127.2K,127200,7.6K,7600,354,354
beca,Rebeca Barreto,23M,23000000,1.7M,1700000,219.8K,219800,2.2K,2200,1.5K,1500
bellafoodie,Julie & Bella,4.2M,4200000,2.3M,2300000,271.8K,271800,709,709,778,778
bellapoarch,Bella Poarch,90.2M,90200000,6.8M,6800000,921.9K,921900,9.5K,9500,1.2K,1200
bellaretamosa,bella,5.4M,5400000,2.3M,2300000,394.3K,394300,1.1K,1100,709,709
ben_brainard,Benjamin Brainard,2.6M,2600000,1.3M,1300000,296.9K,296900,1.2K,1200,1.1K,1100
benjikrol,Benji Krol,31.1M,31100000,1.6M,1600000,234.7K,234700,1.8K,1800,348,348
berusahalucu,Berusaha Lucu,694K,694000,3.9M,3900000,239.8K,239800,954,954,940,940
bessan_esmail,Ø¨ÙŠØ³Ø§Ù† Ø§Ø³Ù…Ø§Ø¹ÙŠÙ„ - Bessan Ismail,10.4M,10400000,2.5M,2500000,175.7K,175700,2.6K,2600,1.3K,1300
bhaviboi,bhaviboi,279.7K,279700,3.4M,3400000,346.9K,346900,677,677,791,791
bi_131_bi,B.I,1.4M,1400000,1.1M,1100000,232.1K,232100,2K,2000,1.3K,1300
bibidong07,nhá»‡nğŸ•·ï¸ğŸ•¸ï¸(tÃ­ch xanh lÃ¡ trá»i),5.7K,5700,1.9M,1900000,149.8K,149800,6.6K,6600,3.9K,3900
biggieclean,Biggie Clean,4.8M,4800000,3.7M,3700000,364.5K,364500,1.4K,1400,456,456
bilal.hd91,Bilal Haddad | Ø¨Ù„Ø§Ù„ Ø§Ù„Ø­Ø¯Ù‘Ø§Ø¯,2.1M,2100000,1.5M,1500000,175.1K,175100,3.1K,3100,1.2K,1200
bilalahy,Bilal,2M,2000000,1.1M,1100000,224.5K,224500,1.3K,1300,2.1K,2100
billlnai,nai,8.5M,8500000,1.7M,1700000,403.7K,403700,958,958,912,912
blacchyna,blacchyna,1.1M,1100000,1.7M,1700000,174.2K,174200,3.7K,3700,1.1K,1100
blacksels,seul,59.1K,59100,620.8K,620800,208.8K,208800,1.8K,1800,5.4K,5400
blakeb628,Blake,568.4K,568400,1.3M,1300000,161.3K,161300,1.1K,1100,10.3K,10300
blondebrunetteredhead,Lamila Petschart,12M,12000000,14.2M,14200000,2.6M,2600000,9.8K,9800,7.5K,7500
boberrybiscuits2,ğŸ¤¾ğŸ¼,59.8K,59800,1.5M,1500000,309.9K,309900,1.9K,1900,7.5K,7500
booboothafoocloset,Boo Boo,1.4M,1400000,1.2M,1200000,314.5K,314500,673,673,1.3K,1300
borhen.kachbouri,borhen kachbouri,204.1K,204100,3.6M,3600000,331.2K,331200,926,926,604,604
botakteras,Mike,2.8M,2800000,2.4M,2400000,207.1K,207100,1.7K,1700,529,529
boywithuke,boywithuke,4.9M,4900000,1.7M,1700000,209.3K,209300,2.2K,2200,691,691
brandonrogers,Brandon Rogers,1.5M,1500000,2.7M,2700000,497K,497000,1.7K,1700,4.7K,4700
brandonspam_,Brandon Conner,8M,8000000,1.9M,1900000,380.2K,380200,2.1K,2100,348,348
brentrivera,Brent Rivera,43.9M,43900000,2.9M,2900000,540.2K,540200,2.2K,2200,321,321
bretmanrock,bretmanrock,14.2M,14200000,3.2M,3200000,617.2K,617200,1.7K,1700,1.4K,1400
bricks.and.disorder,Ola ğŸ¤œğŸ¾âš¡ï¸ğŸ¤›ğŸ» Cullen,755.3K,755300,2.5M,2500000,448.1K,448100,1.2K,1200,666,666
briggi_bozzo,Briggitte Bozzo,22M,22000000,3.6M,3600000,335K,335000,388,388,571,571
brilionaire,model kentangğŸŸ,3.9M,3900000,4.1M,4100000,369.6K,369600,2.1K,2100,7K,7000
brittany_broski,Brittany,7M,7000000,1.3M,1300000,236.7K,236700,1.2K,1200,1.4K,1400
brittikitty,Brittany & Lily,12.6M,12600000,3.7M,3700000,550.9K,550900,2.1K,2100,2K,2000
brodywellmaker,Brody Wellmaker,21.1M,21100000,6.3M,6300000,853K,853000,6.1K,6100,16.4K,16400
brookemonk_,Brooke Monk,20.3M,20300000,2.7M,2700000,466.9K,466900,2.2K,2200,1.2K,1200
brunabarbieoficial,Bruna Barbie,18.4M,18400000,2.6M,2600000,168.8K,168800,12K,12000,1.9K,1900
bstchld,BeastChild,4.4M,4400000,2.8M,2800000,362.7K,362700,3.1K,3100,5.2K,5200
bukanstreet,Bukanstreet,1M,1000000,1.3M,1300000,171.5K,171500,2.4K,2400,1.5K,1500
burnaboyofficial,Burna Boy,972.8K,972800,1.3M,1300000,164.5K,164500,1.8K,1800,2.4K,2400
c4tluvr666,kennedy,2.4M,2400000,2.7M,2700000,558.5K,558500,1.4K,1400,1.5K,1500
cakelegend,Â¡Aliya!,1.3M,1300000,3.5M,3500000,900.6K,900600,14.6K,14600,1.1K,1100
caleb.green,Caleb Green,2.9M,2900000,3.1M,3100000,256.4K,256400,897,897,329,329
camimendes,camila mendes,2.6M,2600000,6.2M,6200000,971.2K,971200,2.8K,2800,777,777
canalzezao,ZezÃ£o,5.9M,5900000,1.9M,1900000,105K,105000,1.1K,1100,6K,6000
caocuongvu,caocuongvu,3.7M,3700000,3.4M,3400000,395.4K,395400,2.2K,2200,797,797
captain.cream,CAPTAIN CREAM,4.2M,4200000,2.8M,2800000,345.5K,345500,3.2K,3200,4.2K,4200
carebearkieran,Kieran,469.1K,469100,1.6M,1600000,354.4K,354400,1.2K,1200,2K,2000
carlcunard,Carl Cunard,3M,3000000,5M,5000000,158.3K,158300,1.3K,1300,3.1K,3100
carloandsarah,,3.7M,3700000,2.7M,2700000,240.6K,240600,886,886,2.3K,2300
carloscastroes,Carlos Castro,12M,12000000,1.6M,1600000,152.3K,152300,400,400,3.1K,3100
carloscastroes,Carlos Castro,12M,12000000,1.6M,1600000,152.3K,152300,400,400,3.1K,3100
carlosferiag,Carlos Feria,39.2M,39200000,3.3M,3300000,251.9K,251900,2.2K,2200,203,203
carolcastromx,Carol Castro,11.3M,11300000,3.1M,3100000,440.7K,440700,1.5K,1500,367,367
carolinarinconf,carolina,5.5M,5500000,5.9M,5900000,654.1K,654100,3.2K,3200,2.9K,2900
carolvillanes,Carol Villanes,5.5M,5500000,1.9M,1900000,336.4K,336400,6.6K,6600,322,322
cassholland,Cassie Holland,1.7M,1700000,2.4M,2400000,390.2K,390200,1.4K,1400,943,943
cavalo.do_rock,daniel molo oficial,154.4K,154400,1.4M,1400000,258.5K,258500,7K,7000,17.7K,17700
cbum,Chris Bumstead,2.6M,2600000,1.6M,1600000,215.8K,215800,1.1K,1100,2.7K,2700
cciinnn,CiiN,6.6M,6600000,2.6M,2600000,296.4K,296400,1.7K,1700,588,588
cdiasss_,Carol Dias,2.5M,2500000,1.9M,1900000,497.4K,497400,2.3K,2300,977,977
cecia.loaiza,Cecia Loaiza âœ¨,6.2M,6200000,1.9M,1900000,277.7K,277700,2K,2000,388,388
cedriklorenzen,Cedrik Lorenzen,2.5M,2500000,3M,3000000,301.1K,301100,4.3K,4300,8.1K,8100
cellat36,cellat36,8.5M,8500000,1.9M,1900000,171.4K,171400,5.4K,5400,1.6K,1600
cemresolmaz,cemre solmaz,10.3M,10300000,2.4M,2400000,164.3K,164300,6.4K,6400,1.6K,1600
cerenyaldz,Ceren YaldÄ±z,9.3M,9300000,1.1M,1100000,97.7K,97700,7.9K,7900,1.5K,1500
cerolzera,CEROL,4.1M,4100000,1.7M,1700000,180.4K,180400,2.7K,2700,1.3K,1300
cesarpantoja.n,Cesar Pantoja,13.2M,13200000,3M,3000000,489.1K,489100,1.3K,1300,311,311
cha.momilie,Roma,1.2M,1200000,2M,2000000,282.1K,282100,2K,2000,1.1K,1100
championsleague,Champions League,14.9M,14900000,3.8M,3800000,551.9K,551900,3.4K,3400,2.3K,2300
chamrent,chamrent,2.1M,2100000,3.7M,3700000,370.9K,370900,1.7K,1700,1.3K,1300
chanelterrero,Chanel Terrero,404.7K,404700,2.3M,2300000,257K,257000,1.5K,1500,387,387
chang._.a,ì°½í•˜CHANGHA,22M,22000000,1.4M,1400000,286.2K,286200,3.6K,3600,1.9K,1900
charlidamelio,charli dâ€™amelio,142M,142000000,16.4M,16400000,1.8M,1800000,27.3K,27300,9.5K,9500
charlieputh,Charlie Puth,17.2M,17200000,1.9M,1900000,234.6K,234600,2.6K,2600,772,772
charlymarieofc,CharlyMarieofc,966K,966000,1.3M,1300000,103.1K,103100,1.5K,1500,5.4K,5400
charlyokei,Charlyokei,4.1M,4100000,3.6M,3600000,343.5K,343500,824,824,1.1K,1100
chedurena,Che Durena,6.8M,6800000,2M,2000000,231.5K,231500,1.7K,1700,6.8K,6800
cheekykiddo,alexğŸ¤,4.1M,4100000,2.2M,2200000,231.8K,231800,489,489,1.6K,1600
chicken_nugget_.0,ChickenNugget,862.7K,862700,1.6M,1600000,240.6K,240600,1.9K,1900,2.8K,2800
chiefilomeno,C  H  I  E,2.8M,2800000,2.4M,2400000,179.1K,179100,1.5K,1500,596,596
chikakiku,ğŸ–¤ğŸ™†ğŸ»â€â™€ï¸âœ¨ğŸ§šğŸ»,8.5M,8500000,3.3M,3300000,247.1K,247100,2.1K,2100,679,679
chimeconem.official,Chá»‹ Máº¹ & Con Em,637.6K,637600,3.9M,3900000,247K,247000,599,599,442,442
choega,BEDDY,5.5M,5500000,2.1M,2100000,348.2K,348200,4.1K,4100,2K,2000
chourouk.model_official,Chourouk_model_official,4.8M,4800000,3.4M,3400000,147.2K,147200,851,851,2.4K,2400
chris,Chris Olsen,7.7M,7700000,2.1M,2100000,353.3K,353300,897,897,895,895
chrisbrownofficial,chrisbrownofficial,6.2M,6200000,2.2M,2200000,306.6K,306600,3.6K,3600,3.6K,3600
chrisdelia,ChrisDElia,2M,2000000,1.1M,1100000,163.2K,163200,1.1K,1100,3.1K,3100
cicichania96,Cici Chania,2.7M,2700000,2.7M,2700000,188.1K,188100,2.3K,2300,1.6K,1600
cizimmektebi,Ã‡izim Mektebi,338.1K,338100,6.1M,6100000,239.6K,239600,3.3K,3300,6.8K,6800
claragnds,Maria Clara Garcia,17.1M,17100000,1.8M,1800000,219.2K,219200,2.4K,2400,1.2K,1200
clerishwijaya,Cherish Wijaya,494.2K,494200,1.8M,1800000,129.9K,129900,2.6K,2600,3.6K,3600
clubgodzilla,Beatking,195.2K,195200,3.1M,3100000,618.6K,618600,4.6K,4600,1.7K,1700
cocielo,JÃºlio Cocielo,4.6M,4600000,3.6M,3600000,438.2K,438200,601,601,613,613
codsterss,codsterss,58K,58000,13M,13000000,951.6K,951600,13.2K,13200,136K,136000
com.yamato0515,ã€ã‚³ãƒ ãƒ‰ãƒƒãƒˆã€‘ã‚„ã¾ã¨,1.8M,1800000,2.3M,2300000,213.7K,213700,2.8K,2800,1.5K,1500
com.yamato0515,ã€ã‚³ãƒ ãƒ‰ãƒƒãƒˆã€‘ã‚„ã¾ã¨,1.8M,1800000,2.3M,2300000,213.7K,213700,2.8K,2800,1.5K,1500
com.yuta0305,ã€ã‚³ãƒ ãƒ‰ãƒƒãƒˆã€‘ã‚†ã†ãŸ,1.2M,1200000,2.2M,2200000,226.7K,226700,2.4K,2400,1.9K,1900
com.yuta0305,ã€ã‚³ãƒ ãƒ‰ãƒƒãƒˆã€‘ã‚†ã†ãŸ,1.2M,1200000,2.2M,2200000,226.7K,226700,2.4K,2400,1.9K,1900
conangray,conangray,5.7M,5700000,1.4M,1400000,363.2K,363200,3.7K,3700,1.8K,1800
coopernoriega,Cooper Noriega,2.9M,2900000,4.2M,4200000,287K,287000,2.5K,2500,1.6K,1600
creationsross,RossCreations,2.4M,2400000,3.2M,3200000,402.1K,402100,1.2K,1200,4.3K,4300
creative_explained,Armen Adamjan,4.5M,4500000,1.9M,1900000,184.9K,184900,836,836,7.8K,7800
criminalksa,ÙƒØ±ÙŠÙ…Ù†Ø§Ù„ğŸ¦Š,1.1M,1100000,3M,3000000,223.6K,223600,1.2K,1200,859,859
cris_soto.09,CRIS SOTO MTA,361.4K,361400,2.3M,2300000,126.5K,126500,340,340,5.2K,5200
crisp.ink,ğ‘ğšğœğ¡ğšğğ¥,620.6K,620600,2.2M,2200000,536.9K,536900,4.1K,4100,10.6K,10600
cristobalsoria,CristÃ³bal Soria,701K,701000,3M,3000000,392.8K,392800,6.6K,6600,14.5K,14500
cuongkido,CÆ°á»ng kido,1.5M,1500000,3.6M,3600000,221.9K,221900,869,869,704,704
cvillaloboss,Carmen Villalobos,13M,13000000,6M,6000000,500.6K,500600,2.9K,2900,927,927
cznburak,cznburak,59.5M,59500000,4.3M,4300000,288.9K,288900,1.6K,1600,927,927
daffaxml,YouTube : Daffa AL,864.5K,864500,1.9M,1900000,190.3K,190300,2.8K,2800,1.3K,1300
dafnnejm,dafnne â˜»,2.1M,2100000,1.6M,1600000,354.7K,354700,688,688,761,761
dal9_5,DalÃ© .,102.6K,102600,1.8M,1800000,204.2K,204200,4.3K,4300,10.9K,10900
daniel.labelle,Daniel LaBelle,26.2M,26200000,5.5M,5500000,777K,777000,2.6K,2600,3.4K,3400
danivallem,Dani Valle,4.5M,4500000,1.4M,1400000,108.4K,108400,764,764,16.1K,16100
dannapaola,Danna Paola,16.3M,16300000,4.5M,4500000,554.1K,554100,1.6K,1600,778,778
danphto,D A N P H T O,448K,448000,2.3M,2300000,206.9K,206900,2K,2000,382,382
danythegaggio,Daniele Cabras,3M,3000000,2.2M,2200000,300.2K,300200,2.5K,2500,12.1K,12100
daotthungan,ÄÃ o TThu NgÃ¢n,1M,1000000,3.1M,3100000,229.7K,229700,985,985,301,301
daraarafah24,daraarafah,786.4K,786400,3.3M,3300000,429.8K,429800,5.8K,5800,2.7K,2700
darianrojasc,D A R I A NR O J A S,30.4M,30400000,8.1M,8100000,1M,1000000,3.9K,3900,1.2K,1200
dasigantung,Dasi Gantung,5.6M,5600000,2.7M,2700000,426.2K,426200,1.2K,1200,918,918
datdo0803,Äá»— Äáº¡t,6.9M,6900000,5.8M,5800000,592.4K,592400,2.2K,2200,696,696
datvilla94,ğŸ”¥Äáº¡t VillağŸ”¥,7.1M,7100000,4.5M,4500000,490.8K,490800,8.3K,8300,4.6K,4600
daveardito,Dave Ardito,8.8M,8800000,3.9M,3900000,330.6K,330600,2.6K,2600,1K,1000
daviddobrik,DAVID DOBRIK,26M,26000000,5M,5000000,854.6K,854600,2.1K,2100,2.6K,2600
davidgalvanv,David GalvÃ¡n,4.8M,4800000,2.1M,2100000,291.8K,291800,2K,2000,548,548
davidsiwonchoi,ìµœì‹œì› â€¢ Siwon Choi,2.5M,2500000,1.9M,1900000,309.7K,309700,2.2K,2200,1.8K,1800
davidyrodriguez,That French Guy,8M,8000000,1.4M,1400000,256.6K,256600,1K,1000,1.7K,1700
deborahyowa,Deborah yowa,14.5M,14500000,6.9M,6900000,351.4K,351400,6.5K,6500,2.7K,2700
deiveleonardooficial,Deive Leonardo,5.8M,5800000,1.8M,1800000,194.8K,194800,1.9K,1900,39.7K,39700
delaneysayshello,Delaney Rowe,1M,1000000,1.3M,1300000,224.6K,224600,1.3K,1300,2.9K,2900
dennnyn,DENII,3.4M,3400000,1.1M,1100000,148K,148000,959,959,6.7K,6700
deon.k.washington,DeonğŸ‘‘,112.8K,112800,717.2K,717200,125.3K,125300,1.4K,1400,7.7K,7700
dereklipp_,Derek Lipp,4.9M,4900000,2.5M,2500000,348.2K,348200,1K,1000,4.4K,4400
devincaherly,Devin Caherly,7.9M,7900000,2.7M,2700000,279K,279000,1K,1000,119,119
devon_palmer,devon palmer,1.9M,1900000,2.1M,2100000,432.5K,432500,1K,1000,1.7K,1700
dexter.the.tabby,dexter.the.tabby,159.2K,159200,4.7M,4700000,1M,1000000,12.4K,12400,13.1K,13100
dhanihehee,BSKãƒ»ï¼¤ï½ˆï½ï½ï¼‘áµ€áµ’á´¾,1.4M,1400000,1.8M,1800000,138.3K,138300,4.3K,4300,661,661
diefebri19,Febriana,686.7K,686700,1.7M,1700000,227.2K,227200,1.8K,1800,293,293
diegodiego_,Diego Cruz,7.8M,7800000,3.3M,3300000,496.8K,496800,2.5K,2500,2.1K,2100
diiegospyckerzs,Diiego Spyckerzs,808.5K,808500,2.8M,2800000,154.5K,154500,3K,3000,11.8K,11800
dilanjaniyar,Emang namanya Dilan,1.7M,1700000,2.2M,2200000,283.9K,283900,1.6K,1600,1.1K,1100
dilanjaniyar_2,Emang Dilan namanya,2.5M,2500000,2.2M,2200000,262.7K,262700,1.6K,1600,1.3K,1300
dilaraaduman,Dilara Duman,2.2M,2200000,4.7M,4700000,338.3K,338300,1.5K,1500,1K,1000
dissectpodcast,dissectpodcast,471.6K,471600,1.3M,1300000,252.5K,252500,1.4K,1400,5.3K,5300
ditanganu,DitaKerangğŸŒŠ,5.9M,5900000,3.6M,3600000,416.1K,416100,2.4K,2400,768,768
dj_hyo,Hyoyeon_djhyo,1.6M,1600000,3.2M,3200000,606.7K,606700,5.6K,5600,3.2K,3200
djsnake,DJ Snake,2.3M,2300000,2.2M,2200000,247.8K,247800,1.9K,1900,1.5K,1500
dmcomics,DM,493.4K,493400,1.7M,1700000,169.1K,169100,2.2K,2200,10.1K,10100
domelipa,Dominik,54.2M,54200000,8.6M,8600000,1.5M,1500000,14.3K,14300,4.1K,4100
dontstopmeowing,Kareem & Fifi,11M,11000000,1.8M,1800000,224.4K,224400,1.1K,1100,1.7K,1700
dorychang_03,ChangDoryğŸ¬,3.8M,3800000,3.9M,3900000,341.5K,341500,1.5K,1500,943,943
dovecameron,Dove Cameron,11.6M,11600000,2.8M,2800000,538.8K,538800,1.5K,1500,492,492
drewafualo,Drew Afualo,7.4M,7400000,2.7M,2700000,568.2K,568200,3.7K,3700,1.4K,1400
drisantosbr,drisantosbr,3M,3000000,1.5M,1500000,197K,197000,1.7K,1700,2.4K,2400
droop314,Droop314,465.9K,465900,997.2K,997200,70.2K,70200,1.3K,1300,13.1K,13100
druskitv,DRUSKI,3.5M,3500000,2.8M,2800000,519.5K,519500,3K,3000,9.4K,9400
dualipaofficial,Dua Lipa,8.4M,8400000,3.1M,3100000,178.7K,178700,1.6K,1600,2K,2000
dudamaryah,dudamaryah,5.2M,5200000,2.2M,2200000,367.7K,367700,1.4K,1400,1.3K,1300
dudamaryah,dudamaryah,5.2M,5200000,2.2M,2200000,367.7K,367700,1.4K,1400,1.3K,1300
duncanyounot,Duncan Joseph,4.3M,4300000,720.5K,720500,246.4K,246400,2.9K,2900,1.9K,1900
dunkmvp,DunkMVP,3.3M,3300000,4.6M,4600000,698.7K,698700,1.3K,1300,2.2K,2200
dxbxd,Saad Abdullah,2.4M,2400000,1.8M,1800000,219.1K,219100,2.2K,2200,1.5K,1500
dylanmulvaney,Dylan Mulvaney,5.4M,5400000,3.1M,3100000,700K,700000,7.3K,7300,1.8K,1800
dylanpage.ning,Dylan Page,2.8M,2800000,2.2M,2200000,344.3K,344300,5.2K,5200,2.6K,2600
earlthejackass,Earl,84.5K,84500,2.9M,2900000,359.2K,359200,3.8K,3800,14.1K,14100
editnessbarrett,NESS,157.3K,157300,1.5M,1500000,275.7K,275700,1.8K,1800,845,845
edpeople,Ed People,1.4M,1400000,1.8M,1800000,278.1K,278100,1.8K,1800,1.5K,1500
edsheeran,Ed Sheeran,11.4M,11400000,1.8M,1800000,166.9K,166900,2K,2000,672,672
eduardbaka,Eduard,1.5M,1500000,1.4M,1400000,233.6K,233600,1.9K,1900,978,978
edwinmendozza,ğ–Šğ–‰ğ–œğ–ğ–“,14.7M,14700000,3.2M,3200000,514.3K,514300,1.1K,1100,249,249
eggrollfish,7aizagatha,56.5K,56500,2.2M,2200000,438.3K,438300,3.2K,3200,7.9K,7900
ehbeefamily,Eh Bee Family,11.4M,11400000,3.4M,3400000,344.5K,344500,1.3K,1300,761,761
ehlija,Eh Lija,3.9M,3900000,3.1M,3100000,402.7K,402700,1.8K,1800,1.7K,1700
el_chicanero,El_chicanero,2.7M,2700000,2.5M,2500000,227.1K,227100,1.5K,1500,7K,7000
el_creador_del_sex3,HOLASğŸ•º,31.2K,31200,1.3M,1300000,134K,134000,1.7K,1700,3.1K,3100
el.pollofritoxd,por fin a alguien,89.2K,89200,1.2M,1200000,220.8K,220800,4.1K,4100,8.9K,8900
elchimbatv,EL CHIMBA,1.7M,1700000,3.4M,3400000,277.9K,277900,1.2K,1200,3.7K,3700
elinameng,elina meng,2.1M,2100000,4.2M,4200000,558.4K,558400,886,886,598,598
elliotforbes,Elliot Forbes,8.3M,8300000,3.5M,3500000,292.2K,292200,628,628,311,311
elmercanchi,Que chimba sog,1.5M,1500000,4.2M,4200000,362.9K,362900,2.4K,2400,7.2K,7200
elongggg,ELONGGGG,2M,2000000,2.1M,2100000,339.8K,339800,2K,2000,589,589
elrodcontreras,RODğŸ« ,41.1M,41100000,3.6M,3600000,496.7K,496700,3.8K,3800,622,622
elysemyers,Elyse Myers,5.1M,5100000,1.5M,1500000,172.7K,172700,2.7K,2700,1.7K,1700
em.ire,irene,259.5K,259500,1.2M,1200000,211.6K,211600,2.2K,2200,2.8K,2800
emiliamernes,Emilia Mernes,3.9M,3900000,10.8M,10800000,1.6M,1600000,3.9K,3900,2.7K,2700
emillyvickof,Emilly Vick,10.3M,10300000,4.4M,4400000,354K,354000,707,707,638,638
emilmario69,emilmario,7M,7000000,5.5M,5500000,199.9K,199900,3.7K,3700,1.3K,1300
emilyfauver,emily&ella,3.6M,3600000,2.6M,2600000,380.2K,380200,730,730,1.3K,1300
emilymariko,Emily Mariko,10.9M,10900000,3.3M,3300000,309.1K,309100,945,945,560,560
emmybear1005,Emily,1.6M,1600000,4M,4000000,431.3K,431300,2.8K,2800,2K,2000
engfa32,ENGFA,2.7M,2700000,1.7M,1700000,233.3K,233300,1.6K,1600,829,829
enhypen,enhypen,11.8M,11800000,8M,8000000,2.4M,2400000,63K,63000,40.6K,40600
enzomk_,enzomk,879.7K,879700,2.7M,2700000,229.6K,229600,1.1K,1100,9.6K,9600
erictro,Eric Tro,3.9M,3900000,5.5M,5500000,534K,534000,618,618,1.1K,1100
erinboyle_np,Erin Boyle,5.9K,5900,1.8M,1800000,123.6K,123600,2.5K,2500,20.1K,20100
esnyrdump,esnyrDUMP,896.1K,896100,2.4M,2400000,409.7K,409700,3.3K,3300,1.8K,1800
estanahi,AnahÃ­,1.3M,1300000,2.9M,2900000,419.5K,419500,833,833,571,571
estetsh0,Belal L Galy,1.1M,1100000,1.2M,1200000,165.8K,165800,1.1K,1100,4.1K,4100
eupereiraoficial,Eu Pereira,7.2M,7200000,9.9M,9900000,776.6K,776600,4.2K,4200,7.7K,7700
euro2024,EURO2024,7.2M,7200000,2.1M,2100000,390.5K,390500,2.7K,2700,2K,2000
euwillou,Willou,8.6M,8600000,2.3M,2300000,360.9K,360900,1.7K,1700,2.7K,2700
everydaycode,Everyday Code,223.3K,223300,2.7M,2700000,235.4K,235400,1.1K,1100,2.3K,2300
expeditionevans,Expedition Evans,271.3K,271300,3M,3000000,355.7K,355700,542,542,2K,2000
eyavanana,Eya,12.3M,12300000,2.9M,2900000,492.5K,492500,1.7K,1700,1.2K,1200
fabiola.baglieri,ğ¹ğ‘ğ‘ğ‘–ğ‘œğ‘™ğ‘,12.3M,12300000,2.9M,2900000,375.9K,375900,1.2K,1200,537,537
fabru_blacutt,Fabru,18.1M,18100000,2.2M,2200000,242.9K,242900,2.4K,2400,562,562
fadiljaidi,Fadil Jaidi,8.3M,8300000,10.7M,10700000,1.7M,1700000,11.4K,11400,8.2K,8200
fahmi.n1997,fahmi.N1997,1.9M,1900000,4M,4000000,389.5K,389500,1.7K,1700,835,835
fahmi.nm,Fahmi,8.3M,8300000,2.7M,2700000,260.9K,260900,1.4K,1400,738,738
faithkristin,faith kristinâ˜ï¸,592.1K,592100,1.8M,1800000,271.7K,271700,4.8K,4800,5.1K,5100
farhakhalidi,Farha Khalidi,1.4M,1400000,2M,2000000,364.7K,364700,2.6K,2600,2.2K,2200
farhanrn__,FARHAN,4.7M,4700000,4.2M,4200000,688K,688000,3.2K,3200,1.7K,1700
faryanggaa,Ryann,5.2M,5200000,1.8M,1800000,344.4K,344400,1.5K,1500,491,491
fedevigevani,Fede Vigevani,13.6M,13600000,3.3M,3300000,437.7K,437700,2.3K,2300,561,561
fedez,fedez,5.5M,5500000,2.8M,2800000,422.4K,422400,1.2K,1200,2.3K,2300
felipenpv,Felipe Paiva,2.2M,2200000,2.8M,2800000,515.5K,515500,5.5K,5500,4.5K,4500
femin,ThiÃªn Ã‚n,2.1M,2100000,2.9M,2900000,254.5K,254500,4.5K,4500,573,573
fendibaee,ğŸ¤,54.9K,54900,788.7K,788700,206K,206000,3.6K,3600,3.1K,3100
ferchugimenez,Fernanda,6.1M,6100000,4.1M,4100000,729.3K,729300,1.8K,1800,1.2K,1200
ferxxo444,Feid,2.6M,2600000,1.2M,1200000,234.8K,234800,1.4K,1400,4.5K,4500
firmanskd,ğ™†ğ™Šğ˜¾ğ˜¼ğ™‰,2.7M,2700000,2.3M,2300000,212.6K,212600,654,654,9.9K,9900
firmanskd,ğ™†ğ™Šğ˜¾ğ˜¼ğ™‰,2.7M,2700000,2.3M,2300000,212.6K,212600,654,654,9.9K,9900
flavinhalouise,Flavinhalouise,11.5M,11500000,1.4M,1400000,128K,128000,740,740,3.6K,3600
fleekedbymitch,fleekedbymitch,821.2K,821200,5.6M,5600000,590.9K,590900,3.2K,3200,3.8K,3800
flickerspark_,flickerspark_,1.2M,1200000,2.1M,2100000,516.8K,516800,1.4K,1400,1.5K,1500
fontenel.le,fontenelle,243.8K,243800,1.2M,1200000,259.5K,259500,2.2K,2200,540,540
foodtimecali,Juan C | RECETAS FOODTIME,4.1M,4100000,3.8M,3800000,284K,284000,655,655,20.8K,20800
football.clips_09,Football & FIFA Content âš½ï¸,224.5K,224500,3.3M,3300000,323K,323000,1.7K,1700,1.1K,1100
fox.brown,Fox,391.7K,391700,1.8M,1800000,308.2K,308200,1.6K,1600,3.4K,3400
frankielapenna,Frankie LaPenna,3.4M,3400000,7.1M,7100000,316.7K,316700,1.2K,1200,4.1K,4100
freeritzyralph,Ritzyralph,1.6M,1600000,1.1M,1100000,281.5K,281500,2K,2000,2.4K,2400
frnzlynfby,Feby,2.4M,2400000,1.4M,1400000,324.7K,324700,1.5K,1500,1.7K,1700
fujiiian,Fuji,15.4M,15400000,4.3M,4300000,449.4K,449400,2.1K,2100,1.9K,1900
furryfritz,furryfritz,3.9M,3900000,1.7M,1700000,271.6K,271600,1.1K,1100,2.5K,2500
fyp,jack neel,8.3M,8300000,1.8M,1800000,372.2K,372200,762,762,544,544
g.catt.eng,Dennis loves cats,2M,2000000,1.9M,1900000,219.9K,219900,1.1K,1100,1.3K,1300
gameboytok,Gameboyrl,33.9K,33900,2.8M,2800000,424.5K,424500,1.3K,1300,3.1K,3100
gemelasabello2,gemelasabello2,15.7M,15700000,5.7M,5700000,554.8K,554800,1K,1000,1.8K,1800
german_crusader,Stardust Crusader,158.6K,158600,1.1M,1100000,208.9K,208900,1.7K,1700,4.6K,4600
germangarmendia,German Garmendia,17.5M,17500000,8.8M,8800000,1.6M,1600000,17.2K,17200,9K,9000
ghait6h,ØºÙŠØ« Ø®Ø§Ù„Ø¯,1.1M,1100000,1.6M,1600000,176.5K,176500,4.3K,4300,674,674
giangiu88,GiaNGiu,3.7M,3700000,2.5M,2500000,304.5K,304500,1.2K,1200,2.7K,2700
giannis_an34,Giannis Antetokounmpo,3.4M,3400000,1.7M,1700000,210.3K,210300,1.8K,1800,764,764
gil_foot2,gil_foot2,1.5M,1500000,1.2M,1200000,210.6K,210600,513,513,3.3K,3300
glbtfilms,â¦,76.3K,76300,684.7K,684700,195.6K,195600,2.4K,2400,3.4K,3400
goldens.fourever7,Z&M&B&N&F&C&T,965K,965000,1.2M,1200000,171.5K,171500,1.3K,1300,7K,7000
gordonramsayofficial,Gordon Ramsay,32.8M,32800000,11.2M,11200000,648.3K,648300,5K,5000,1.9K,1900
grbgt9,zu Hause âœŒğŸ¾,132.6K,132600,2.2M,2200000,177.6K,177600,1.1K,1100,2K,2000
greenshrimps,olivia,83.3K,83300,1.5M,1500000,334.9K,334900,2.8K,2800,1.3K,1300
gregisms,Gregismsâ€™ Neighborhood,2.4M,2400000,1.1M,1100000,180.6K,180600,6.6K,6600,6.4K,6400
gtcreationslime,Giovanni T. ğŸ‡®ğŸ‡¹,4.1M,4100000,3.1M,3100000,183.9K,183900,728,728,946,946
guilhermebatilani,guilhermebatilani,398.7K,398700,2.1M,2100000,323.3K,323300,983,983,2.7K,2700
guiraya,O MilionÃ¡rio,733.2K,733200,2.2M,2200000,197.3K,197300,1.3K,1300,1.3K,1300
gustavomeloof,Gustavo Melo,5M,5000000,1.4M,1400000,113.4K,113400,1.2K,1200,8.8K,8800
gusyterequijas,Gus Quijas,1.8M,1800000,1.6M,1600000,236.9K,236900,777,777,2.7K,2700
gutierrezcastro,Gutierrez Castro,13M,13000000,1.4M,1400000,229.9K,229900,2K,2000,2K,2000
gzfoodqood,Foodqood by Giallozafferano,17.1M,17100000,2.5M,2500000,237.5K,237500,745,745,808,808
haidang_doo,Hai Dang Doo,2.6M,2600000,4.5M,4500000,317.3K,317300,607,607,398,398
haileybieber,Hailey Bieber,9M,9000000,2.4M,2400000,257K,257000,2.5K,2500,805,805
hakobone,jakobone_hh,299.2K,299200,2.9M,2900000,195.8K,195800,1.6K,1600,6.5K,6500
halinhofficial,Ha Linh Official,1.3M,1300000,3.2M,3200000,223.3K,223300,3.2K,3200,1.2K,1200
haqiemstopa,Haqiem_stopa,846.7K,846700,2.1M,2100000,156.4K,156400,2.5K,2500,697,697
haritsuuu,ãƒãƒªãƒ„ğŸŒ¿æ¥µ,1.8M,1800000,6.7M,6700000,307.3K,307300,7K,7000,8.8K,8800
harry.shin,harry - hiatus era â˜†,904.5K,904500,4.3M,4300000,509.6K,509600,2.4K,2400,833,833
hasanmucci,hasanmucci,2.1M,2100000,2.5M,2500000,196.6K,196600,1.6K,1600,619,619
hat590,HAT Snow,3.6M,3600000,1.5M,1500000,191.3K,191300,2.4K,2400,306,306
hayleygeorgiamorris,Hayley Morris,3.2M,3200000,2.4M,2400000,366.7K,366700,1.4K,1400,9.6K,9600
herranwalt,Herr Anwalt,5.5M,5500000,1.8M,1800000,282K,282000,2.3K,2300,1.6K,1600
hikakin,HIKAKIN ãƒ’ã‚«ã‚­ãƒ³å…¬å¼,1.6M,1600000,4.8M,4800000,454.5K,454500,4.1K,4100,6.3K,6300
hoaa.hanassii,ÄÃ o LÃª PhÆ°Æ¡ng Hoa,12.8M,12800000,6M,6000000,618.5K,618500,3.8K,3800,849,849
hoaminzy_hoadambut,HoÃ  Minzy,4.2M,4200000,2.8M,2800000,280.2K,280200,789,789,268,268
hoaminzy_hoadambut,HoÃ  Minzy,4.2M,4200000,2.8M,2800000,280.2K,280200,789,789,268,268
homm9k,Ğ¥ĞĞœĞ¯Ğš,42.1M,42100000,2.2M,2200000,301.9K,301900,2.3K,2300,569,569
hourialesyeuxverts_off,Houria les yeux verts,143.2K,143200,1M,1000000,102.1K,102100,1.5K,1500,6K,6000
how.kev.eats,how.kev.eats,2.2M,2200000,2.6M,2600000,305.9K,305900,1.4K,1400,401,401
howridiculous,howridiculous,13.6M,13600000,13.9M,13900000,516.3K,516300,889,889,758,758
hstikkytokky,hstikkytokky,808.7K,808700,1.6M,1600000,161.4K,161400,2.5K,2500,1.7K,1700
hunterprosper,Hunter Prosper,4.7M,4700000,2.2M,2200000,384.6K,384600,1.2K,1200,1.9K,1900
i.f.t.fishing,IFTFishing,9.7K,9700,3.8M,3800000,154.5K,154500,2.1K,2100,12K,12000
iamdikeh,Dikeh,2.8M,2800000,1.8M,1800000,174.5K,174500,2.4K,2400,1.3K,1300
iamferv,Fernanda,29.3M,29300000,10M,10000000,1.4M,1400000,10.2K,10200,6.4K,6400
iamkelianne,Kelianne,9.9M,9900000,4.2M,4200000,452.5K,452500,360,360,263,263
iamnotshaneofficial,iamnotshane,225.5K,225500,2.2M,2200000,187.4K,187400,554,554,2.8K,2800
iampauloandre,Paulo AndrÃ© ğŸ,1.4M,1400000,4.3M,4300000,854.1K,854100,5.5K,5500,6.4K,6400
iamzario,zario,2M,2000000,1.2M,1200000,244.6K,244600,1.8K,1800,1.5K,1500
iben_ma,Iben M.A.,7M,7000000,5.2M,5200000,379.1K,379100,20.9K,20900,1.1K,1100
ig_alongwiranda,ğŸ•ŒğŸƒ,880.7K,880700,3.2M,3200000,129.4K,129400,1.2K,1200,20K,20000
ikercasillas,Iker Casillas,2.4M,2400000,1.3M,1300000,212.1K,212100,2.4K,2400,3K,3000
ikhmal_azzarin,Ikhmal Azzarin,407.4K,407400,4.4M,4400000,303.7K,303700,4K,4000,3.8K,3800
iloveyourmomscatt,,8.2K,8200,1.3M,1300000,159.3K,159300,4.9K,4900,3.3K,3300
ilusha_help,ilusha_help,4.6M,4600000,2.3M,2300000,75.9K,75900,1.2K,1200,7.9K,7900
ilyasikuba,Ilyasikuba,2.7M,2700000,1.9M,1900000,188.8K,188800,558,558,2.4K,2400
imdimpey,Dimpey,8M,8000000,1.4M,1400000,330K,330000,3.1K,3100,4.7K,4700
imma.tokyo,imma,486.9K,486900,9.9M,9900000,1.2M,1200000,5.7K,5700,3.1K,3100
inachitomer,iNacho Mer,1.3M,1300000,2.9M,2900000,516.2K,516200,1.1K,1100,1K,1000
incorrectlyroce,Roce OrdoÃ±ez,6.5M,6500000,3.9M,3900000,650.4K,650400,2K,2000,2.3K,2300
infinite,Infinite,7.3M,7300000,4.8M,4800000,722.3K,722300,6.9K,6900,382,382
infinite,Infinite,7.3M,7300000,4.8M,4800000,722.3K,722300,6.9K,6900,382,382
ingratax,ingrid,14.8M,14800000,3.1M,3100000,617.8K,617800,784,784,420,420
initiaraandini,tiara andini,4.7M,4700000,3.5M,3500000,338.6K,338600,1.3K,1300,1.2K,1200
iqmorteza,Ù…Ø±ØªØ¶Ù‰ Ù…Ø­Ù…Ø¯,873.5K,873500,3.7M,3700000,429.8K,429800,6.5K,6500,2K,2000
isaach.p,Isaac H.P,1.8M,1800000,1.2M,1200000,189.4K,189400,3.2K,3200,2.1K,2100
isaiahgarza,Isaiah Garza,7.5M,7500000,1.6M,1600000,297.3K,297300,1.5K,1500,954,954
isaliagomez_,Salma Isalia GÃ³mez,703.8K,703800,1.6M,1600000,297.3K,297300,863,863,3.7K,3700
its.michhh,Michel Chavez,30.2M,30200000,2.4M,2400000,369.7K,369700,1.9K,1900,193,193
itsjojosiwa,JoJo Siwa,41.8M,41800000,3.5M,3500000,429.2K,429200,2.2K,2200,619,619
itskingchris,KingChristian,16.2M,16200000,1.8M,1800000,355K,355000,3K,3000,1.8K,1800
itslennnie,lennnie,2.3M,2300000,764.7K,764700,120.6K,120600,1.5K,1500,20.4K,20400
itsmenicksmithy,Nick Smithyman ğŸ¤“,7.4M,7400000,2.2M,2200000,415.4K,415400,3.4K,3400,2.4K,2400
itsoraida,itsoraida,4.2M,4200000,1.1M,1100000,254.5K,254500,1.7K,1700,2.1K,2100
itsqcp,QCP,10.1M,10100000,1.6M,1600000,297.7K,297700,1.5K,1500,916,916
itssassagurl,Sassa Gurl,6M,6000000,3.9M,3900000,716.4K,716400,3.3K,3300,6.5K,6500
itstalasafwan,ØªØ§Ù„Ø§ ØµÙÙˆØ§Ù† | Tala SafwanğŸŒµğŸ‘¸ğŸ½,4.7M,4700000,2.9M,2900000,177.6K,177600,4.6K,4600,1.4K,1400
itsthescotts,The Scotts,6.2M,6200000,1.5M,1500000,231.7K,231700,517,517,2.2K,2200
itzyofficial,ITZY,8.4M,8400000,1.2M,1200000,332.4K,332400,3.8K,3800,2.3K,2300
ivanmartinez,Ivan KENğŸ¤´ğŸ¼,12.4M,12400000,3M,3000000,392.1K,392100,1.3K,1300,489,489
ivanovik.83,ivanovik.1983,172.7K,172700,2.3M,2300000,91.5K,91500,1.1K,1100,11.1K,11100
ive.official,IVE.official,2.2M,2200000,7.7M,7700000,1.5M,1500000,12K,12000,14K,14000
jack_papho69,à¹à¸ˆà¹‡à¸ à¹à¸›à¸›à¹‚à¸®,6.7M,6700000,3.3M,3300000,313.1K,313100,2.3K,2300,964,964
jackgrealish,Jack Grealish,3M,3000000,2M,2000000,256K,256000,4.5K,4500,1.7K,1700
jacobday,jacob day,3.7M,3700000,1.2M,1200000,193.1K,193100,3.4K,3400,1.2K,1200
jadepicon,JADE PICON ğŸŒª,8.1M,8100000,2.8M,2800000,342.7K,342700,1.8K,1800,843,843
jaimeonod,Telma,1.5M,1500000,2M,2000000,319.5K,319500,3.2K,3200,1.3K,1300
jakeandrich,Jake Andrich / Jakipz,12M,12000000,2.6M,2600000,241.8K,241800,2.5K,2500,3.3K,3300
jakeandrich,Jake Andrich / Jakipz,12.5M,12500000,1.8M,1800000,184.3K,184300,2K,2000,2.7K,2700
jakemaldonado,Jake Maldonado,6.5M,6500000,1.7M,1700000,324.1K,324100,659,659,2.7K,2700
jakepaul,Jake Paul,16.5M,16500000,3.1M,3100000,354.9K,354900,2.8K,2800,1K,1000
jamescharles,James Charles,36.2M,36200000,3.1M,3100000,344.6K,344600,1.6K,1600,631,631
janeydm,à¸£à¸±à¸Šà¸™à¸ à¸ªà¸¸à¸§à¸£à¸£à¸“à¹€à¸à¸•à¸¸,14.3M,14300000,2.6M,2600000,305.1K,305100,1.3K,1300,381,381
jaxwritessongs,Jax,9.5M,9500000,2.4M,2400000,346.5K,346500,3.1K,3100,2.2K,2200
jaykindafunny8,Jaykindafunny,23.9M,23900000,5.8M,5800000,426K,426000,3.3K,3300,4.6K,4600
jaynie.dizire,JaynieğŸ§ğŸ½â€â™€ï¸,19.1K,19100,1.2M,1200000,193.5K,193500,3.2K,3200,2K,2000
jayrscottyy,CHESTA,2.7M,2700000,2.5M,2500000,333.2K,333200,3.4K,3400,1.9K,1900
jdiasss_,JoÃ£o Dias,7.4M,7400000,2.8M,2800000,610.5K,610500,5.6K,5600,4.9K,4900
jdpantoja,JD Pantoja,28.8M,28800000,4.1M,4100000,658.3K,658300,8K,8000,1K,1000
jefripradewa,ğ—ğ—˜ğ—™ğ—¥ğ—œ ğ—£ğ—¥ğ—”ğ——ğ—˜ğ—ªğ—”,226.2K,226200,1.6M,1600000,178.8K,178800,3K,3000,10.7K,10700
jellybeannotvince,cutejellybean,542.7K,542700,2.7M,2700000,352.2K,352200,2.8K,2800,6.9K,6900
jennifergarner,Jen Garner,2.5M,2500000,2M,2000000,326.4K,326400,1.6K,1600,1K,1000
jessnolimit999,Jess No Limit,6.2M,6200000,17M,17000000,1.7M,1700000,24.2K,24200,11.5K,11500
jesusortizpaz,Jesusortizpaz,1.7M,1700000,1.8M,1800000,207.5K,207500,1.2K,1200,832,832
jezzzini,jezzini,1.7M,1700000,1.4M,1400000,419K,419000,1.6K,1600,6.2K,6200
jhothsa,jhothsa,13.3M,13300000,1.1M,1100000,189.8K,189800,960,960,2.6K,2600
jimena.jimenezr,Jimena,23.5M,23500000,3.7M,3700000,577.5K,577500,962,962,2K,2000
jimmydarts,Jimmy Darts,8.6M,8600000,2.2M,2200000,360.3K,360300,3.5K,3500,492,492
jjeverettrose,Jake Joseph Everett-Rose,3.2M,3200000,2.2M,2200000,345.8K,345800,775,775,575,575
jmartineze_,josi,22.2M,22200000,2.4M,2400000,377.7K,377700,1.8K,1800,2.5K,2500
joaoferdnan,JoÃ£o Ferdnan,7.7M,7700000,919.7K,919700,143.3K,143300,2.5K,2500,4K,4000
joe.bartolozzi,Joe Bartolozzi,18.8M,18800000,1.9M,1900000,338.8K,338800,2.3K,2300,552,552
joelsvnny,Joel Sunny,1.1M,1100000,897.8K,897800,203.8K,203800,2.7K,2700,1.7K,1700
joerauth_,Joe rauth,5.4M,5400000,1.9M,1900000,319.4K,319400,1.2K,1200,1.9K,1900
joesantagato,Joe Santagato,1.5M,1500000,1.5M,1500000,175.5K,175500,2.4K,2400,2.5K,2500
joeyvalence,Joey Valence,717.8K,717800,2.8M,2800000,559.6K,559600,1.1K,1100,705,705
johnnyy.ed,johnnyy.ed,1.7M,1700000,1.2M,1200000,173.1K,173100,1.2K,1200,3.3K,3300
jonata_26,JonatağŸ¤©,5.1M,5100000,2.5M,2500000,415.5K,415500,1.1K,1100,1.5K,1500
jonata_26,JonatağŸ¤©,5.2M,5200000,2.3M,2300000,377.9K,377900,999,999,1.3K,1300
joshanglooo,josh anglo,670.9K,670900,1M,1000000,315.1K,315100,1.6K,1600,1.9K,1900
joshrichards,Josh Richards,25.6M,25600000,2.9M,2900000,275.5K,275500,1.3K,1300,682,682
joslum,JosÃ© L,12.1M,12100000,2.5M,2500000,327.3K,327300,1.9K,1900,403,403
jounggustav,Joung Gustav,3.4M,3400000,9.6M,9600000,1.3M,1300000,4.7K,4700,6.7K,6700
juanchimy,Juan Lopez,3.1M,3100000,2.1M,2100000,485K,485000,2.4K,2400,2.1K,2100
jubiandxian,jubiandxian,4.7M,4700000,3.3M,3300000,557.8K,557800,3K,3000,2.6K,2600
julesleblanc,jules,18.7M,18700000,1.9M,1900000,455.7K,455700,1.6K,1600,554,554
juliaaliceaa,jujuuu,3.7K,3700,2.2M,2200000,550.3K,550300,3.1K,3100,14.3K,14300
juliagisella,Julia Gisella,11.5M,11500000,2.6M,2600000,381.3K,381300,7.4K,7400,6.9K,6900
junya1gou,Junya/ã˜ã‚…ã‚“ã‚„,42.7M,42700000,3.9M,3900000,174.4K,174400,2.1K,2100,2.3K,2300
just_dt,Dt,8.9M,8900000,1.4M,1400000,221K,221000,3.2K,3200,2.8K,2800
just.hamilton,Just Hamilton,2.6M,2600000,1M,1000000,185.5K,185500,1.1K,1100,3.4K,3400
just.hamilton,Just Hamilton,2.6M,2600000,1M,1000000,185.5K,185500,1.1K,1100,3.4K,3400
justthenobodys,JustTheNobodys,7.9M,7900000,2.9M,2900000,293.8K,293800,1.5K,1500,1.2K,1200
jwaltonnn,á´Šâš¡ï¸,733.4K,733400,1.6M,1600000,350.9K,350900,27K,27000,2.5K,2500
k0uvr,Kouvr,13.6M,13600000,2.3M,2300000,404.2K,404200,854,854,321,321
kaan.etm,Kaan,3.1M,3100000,1.5M,1500000,322.5K,322500,2.1K,2100,862,862
kaelimaee,kaeli mae,9M,9000000,1.9M,1900000,293.6K,293600,682,682,864,864
kallmekris,Kris HC,44.5M,44500000,4.1M,4100000,784.3K,784300,5.3K,5300,2.1K,2100
kamuimi,antoğŸ¦‹,306.2K,306200,2.1M,2100000,411.3K,411300,2.2K,2200,522,522
karmalust.ff,karmalust ff,204.6K,204600,962.9K,962900,40.6K,40600,36.1K,36100,745,745
kartiniinspiringwoman,kartini.skm,359.9K,359900,970.1K,970100,80.8K,80800,2.4K,2400,11.6K,11600
katclark86,Kat Clark,1.9M,1900000,2.7M,2700000,381.9K,381900,1.1K,1100,211,211
kaylamalecc,kayla,7.9M,7900000,3.3M,3300000,462.6K,462600,3.9K,3900,255,255
keirariff,Keira,4.2M,4200000,3.3M,3300000,545.2K,545200,1.8K,1800,2.5K,2500
keniaos,KeniaOs,14.6M,14600000,1.6M,1600000,280.7K,280700,4.8K,4800,822,822
kenti.best.boi,kenti ğŸ¨,1.2M,1200000,1M,1000000,167.9K,167900,1.9K,1900,3.4K,3400
kervo.dolo,Kervo.dolo,9.7M,9700000,5.6M,5600000,1.2M,1200000,7K,7000,14.9K,14900
keysilva990,Zukey Silva ğŸ§¿â¤ï¸,29.2K,29200,2.3M,2300000,134.3K,134300,1.5K,1500,1.3K,1300
kfc_es,KFC EspaÃ±a,2.8M,2800000,1.2M,1200000,171.7K,171700,3K,3000,1.5K,1500
khaby.lame,Khabane lame,143.2M,143200000,25.3M,25300000,2.9M,2900000,23.5K,23500,16.3K,16300
khalidandsalama,â£ï¸Khalid & Salamaâ£ï¸,4.6M,4600000,2.1M,2100000,204.8K,204800,2.3K,2300,2.3K,2300
khoailangthang,Khoai Lang Thang,731.7K,731700,3.9M,3900000,258.8K,258800,2K,2000,1.3K,1300
kieuduylong16,Kiá»u Duy Long ğŸ‰,1.9M,1900000,2.6M,2600000,311.5K,311500,1.8K,1800,335,335
kikakiim,Kika Kim,30.9M,30900000,2.8M,2800000,307.5K,307500,1.4K,1400,698,698
kimandnorth,Kim and North,6.8M,6800000,3.6M,3600000,684K,684000,0,0,3.7K,3700
kimberly.loaiza,Kimberly Loaiza,64.2M,64200000,6.3M,6300000,1M,1000000,11.5K,11500,2.6K,2600
kinemachuu,æµã‚Œæ˜Ÿâ˜†ã¡ã‚…ã†ãˆã„,215.6K,215600,2.6M,2600000,205.2K,205200,1.1K,1100,10.5K,10500
king_misr,ğŸ¨Ù…Ø­Ù…Ø¯ ÙØ§Ø±ÙˆÙ‚ Ø§Ù„Ø±Ø³Ø§Ù…ğŸ¨,2M,2000000,1.5M,1500000,82.1K,82100,1.1K,1100,7.5K,7500
kingblackcinema,Black Cinema,90.9K,90900,979K,979000,206.9K,206900,2.3K,2300,5.4K,5400
kirbyquimado,Kirbyyy,187.9K,187900,2.1M,2100000,274.9K,274900,1.5K,1500,7.6K,7600
kjsmoothh,Kjsmoothh,2.5M,2500000,5.3M,5300000,793.2K,793200,10.2K,10200,13.5K,13500
kodakblack,Kill Bill,1.3M,1300000,1.2M,1200000,196.7K,196700,4.3K,4300,4.2K,4200
kodasteven,StevenğŸ‡µğŸ‡·,5.3M,5300000,2.4M,2400000,512.7K,512700,3.4K,3400,1.9K,1900
kodyantle,Kody Antle,28.8M,28800000,7.3M,7300000,467.9K,467900,2.1K,2100,5.3K,5300
kookiiecore,safe space,1.2M,1200000,904.1K,904100,305.8K,305800,1.3K,1300,2K,2000
kozuehayashii,KOZUE,6.7M,6700000,2.7M,2700000,517.1K,517100,568,568,812,812
kpp2179393999,ãã‚ƒã‚Šãƒ¼ã±ã¿ã‚…ã±ã¿ã‚…ã®è£å¢,834.9K,834900,6.5M,6500000,345.5K,345500,1.3K,1300,3.2K,3200
kristenhanby123,Kristenhanby,12.2M,12200000,8.3M,8300000,700.5K,700500,1.3K,1300,2.5K,2500
kru1d,à¸„à¸£à¸¹à¸«à¸™à¸¶à¹ˆà¸‡à¸ªà¸­à¸™à¸”à¸µ,4.2M,4200000,1.8M,1800000,108.5K,108500,652,652,3.4K,3400
ktkr_knw,ãƒãƒ¯ã®éš£,137.8K,137800,3.1M,3100000,159.8K,159800,802,802,3.1K,3100
kulinaria.recetas,AGUS LIPORACE,3.3M,3300000,2.4M,2400000,287.1K,287100,669,669,8.6K,8600
kulubotnabetl0g,Ramburat,1.4M,1400000,987.4K,987400,190.9K,190900,3K,3000,1.9K,1900
kyliejenner,Kylie Jenner,41.2M,41200000,8.2M,8200000,1.2M,1200000,4K,4000,1.3K,1300
la_lerma,LERMITA,12.2M,12200000,1.4M,1400000,198.4K,198400,1.2K,1200,2.9K,2900
la.maraaa,LA MARA,6.5M,6500000,1.2M,1200000,275.3K,275300,3.4K,3400,761,761
lachama4_ff,LA CHAMA á´°,9M,9000000,1.3M,1300000,214.3K,214300,2.6K,2600,434,434
ladygaga,ladygaga,6.7M,6700000,4.6M,4600000,886.4K,886400,11.1K,11100,4.4K,4400
lagranjadelborrego,La granja del borrego,8.3M,8300000,2.5M,2500000,335.6K,335600,2K,2000,688,688
lanavlnc,Lanavlnc,151.9K,151900,1.2M,1200000,144.2K,144200,1.8K,1800,4.3K,4300
larasilvan,Lara Silva,16.8M,16800000,5.3M,5300000,797.7K,797700,2.7K,2700,2.8K,2800
larissagloor,ğ—Ÿğ—®ğ—¿ğ—¶ğ˜€ğ˜€ğ—® ğ—šğ—¹ğ—¼ğ—¼ğ—¿,3.1M,3100000,1.5M,1500000,328.6K,328600,3.6K,3600,1.8K,1800
laronhinesofficial,Laâ€™RonÂ®ğŸ¤,9.5M,9500000,2.7M,2700000,260.9K,260900,1K,1000,730,730
larrayeeee,LARRAY,25.9M,25900000,4.9M,4900000,527.6K,527600,4K,4000,1.2K,1200
larraysucksihatehim,user6329084170278,695.9K,695900,3.7M,3700000,877.4K,877400,9.6K,9600,2.1K,2100
larrywheels,Larrywheels,1.8M,1800000,5.6M,5600000,669.1K,669100,4.6K,4600,10.1K,10100
laschakv,Laschakv,971.7K,971700,1.4M,1400000,238K,238000,975,975,2.3K,2300
laurahfritz,laura & lena,2.6M,2600000,1.3M,1300000,253.1K,253100,881,881,1.6K,1600
lauralove5514,LauraLove,5.9M,5900000,1.9M,1900000,292K,292000,1.6K,1600,638,638
lavdysheva,lera,762.4K,762400,4M,4000000,842.2K,842200,1.9K,1900,1.7K,1700
leaelui,Lea Elui,17.3M,17300000,2.8M,2800000,425.2K,425200,743,743,1K,1000
leanadeeb,Leana Deeb,6.9M,6900000,8.9M,8900000,1.6M,1600000,3.9K,3900,6.4K,6400
leanbeefpatty,Beef patty,4.5M,4500000,2M,2000000,351.7K,351700,4.1K,4100,2.7K,2700
leavoon,Zhanel,1.3M,1300000,1.1M,1100000,420.6K,420600,1.5K,1500,4.1K,4100
leen_mohd98,LEENğŸŒ¸,3.3M,3300000,1.6M,1600000,151.9K,151900,1.9K,1900,1.7K,1700
leidys_sotolongo,Leidys Sotolongo,12.2M,12200000,2M,2000000,361.7K,361700,1.5K,1500,234,234
leleburnier,LELÃŠ BURNIER,1.8M,1800000,1.6M,1600000,312.7K,312700,2.9K,2900,803,803
leonardzbant,Leonard Zbant,3K,3000,1.7M,1700000,131.2K,131200,486,486,9.6K,9600
letterkenny_problems,Letterkenny,2.1M,2100000,2.9M,2900000,276.4K,276400,762,762,10K,10000
leyla.tavas,leyla â™¡,778.4K,778400,5.2M,5200000,1.3M,1300000,6.8K,6800,7.9K,7900
liammillerr,Liam Miller,4.1M,4100000,907.1K,907100,220.8K,220800,1.8K,1800,2.5K,2500
libardoisaza,Libardo Isaza,19.6M,19600000,5.1M,5100000,675.4K,675400,1.2K,1200,1.6K,1600
lights.are.off,LIGHTS ARE OFF,19.4M,19400000,2.8M,2800000,218.5K,218500,2.5K,2500,1.3K,1300
lil.tecca,Lil Tecca,1.8M,1800000,7M,7000000,1.4M,1400000,7.8K,7800,18.4K,18400
lilihayes,Lili Hayes,5.2M,5200000,2.5M,2500000,356.6K,356600,1.5K,1500,6.6K,6600
lilireinhart,Lili Reinhart,4.7M,4700000,6.6M,6600000,1.2M,1200000,3.6K,3600,5.2K,5200
lilyxgarcia,Lily Garcia,10.9M,10900000,2.3M,2300000,382.1K,382100,1.4K,1400,1.2K,1200
lionsgate,Lionsgate,4.1M,4100000,971.2K,971200,232.1K,232100,1.7K,1700,2.7K,2700
liverpoolfc,Liverpool FC,9.3M,9300000,2.2M,2200000,283.7K,283700,3.1K,3100,1.8K,1800
livvy,Olivia Dunne,5.5M,5500000,2.6M,2600000,302.1K,302100,2.1K,2100,1.2K,1200
livyyrenata,livy renata,2.2M,2200000,2.5M,2500000,239.2K,239200,1.1K,1100,862,862
lizzo,lizzo,24M,24000000,2.8M,2800000,438.7K,438700,2.8K,2800,1.2K,1200
lizzza,Liza Koshy,29.8M,29800000,2M,2000000,425.1K,425100,750,750,381,381
lkzinhu,LK,15.2M,15200000,3.6M,3600000,497.8K,497800,1.8K,1800,1.9K,1900
lockedinout,ğŸ”,4.4M,4400000,5.4M,5400000,661.1K,661100,1.7K,1700,6.2K,6200
locofer5,fermifer2,700.8K,700800,1.4M,1400000,264.5K,264500,1.9K,1900,1.5K,1500
loganpaul,Logan Paul,15.1M,15100000,3.7M,3700000,610.8K,610800,1.9K,1900,1.1K,1100
logfive,Logan,2M,2000000,1.5M,1500000,211.8K,211800,1.2K,1200,1.7K,1700
lollobaroque,Lollo,699.9K,699900,2M,2000000,181.8K,181800,6.4K,6400,794,794
lonely.moods,:),354.5K,354500,815.5K,815500,214K,214000,5.4K,5400,10.6K,10600
lonrot,Lonrot,1.3M,1300000,3.3M,3300000,386.8K,386800,1.8K,1800,5.2K,5200
lorenzosabatoo,Lorenzo Sabato,160.5K,160500,1.6M,1600000,223.7K,223700,2.6K,2600,6.1K,6100
lorigreiner,Lori Greiner,1.8M,1800000,5.9M,5900000,379K,379000,2.9K,2900,1.5K,1500
losariasbrothers,Los Arias,1.3M,1300000,2M,2000000,376K,376000,1.2K,1200,2.2K,2200
lossiblings_,LossiblingsğŸ­,25.2M,25200000,2.2M,2200000,300.8K,300800,891,891,380,380
louflores_,DIY | Home Decor | Makeup,2.8M,2800000,1.9M,1900000,150.4K,150400,1.1K,1100,4.8K,4800
louisematejczyk,Louisamatejczyk,389.3K,389300,2.9M,2900000,154.5K,154500,642,642,1.3K,1300
lowcarbstateofmind,Jackie Hartlaub,6.5M,6500000,1.9M,1900000,145.4K,145400,656,656,6.4K,6400
luadoll,ë£¨ì•„ LuA,11.2M,11200000,3M,3000000,326.3K,326300,661,661,2.4K,2400
lucas_burgatti,Lucas Burgatti,2.7M,2700000,3.3M,3300000,428.2K,428200,1.6K,1600,1.4K,1400
lucaslopezvilet,Lucas Lopez,2.6M,2600000,4M,4000000,827.8K,827800,5.9K,5900,8.8K,8800
lucaspopan,Lucas Popan,938K,938000,1.8M,1800000,207.7K,207700,2.2K,2200,5.3K,5300
lucasvarelaaaa,Lucas varela,2.7M,2700000,1.7M,1700000,307.6K,307600,690,690,3.6K,3600
lucifer_zam,Luzbel Zam,198.5K,198500,777.2K,777200,196.5K,196500,451,451,34.5K,34500
lukeeohalloran,Luke O'Halloran,1M,1000000,3.4M,3400000,302.3K,302300,3K,3000,4.9K,4900
luongthingocha,NgÃ¢n HÃ ğŸŒ,5.5M,5500000,2.9M,2900000,350K,350000,1.8K,1800,346,346
luongthingocha,NgÃ¢n HÃ ğŸŒ,5.5M,5500000,2.9M,2900000,350K,350000,1.8K,1800,346,346
luvadepedreiro,Iran Ferreira (Lai),17.1M,17100000,5.9M,5900000,706.2K,706200,5.5K,5500,3K,3000
lyfstyle.tv,Da Frontyardigans,356.3K,356300,903.5K,903500,267.6K,267600,1.5K,1500,2.7K,2700
lyleforever,Therapy Gecko (Lyle),2.4M,2400000,1.8M,1800000,398.9K,398900,696,696,2K,2000
lyricoo__,ÊŸÊÊ€Éªá´„á´á´,1.2M,1200000,1.3M,1300000,165.7K,165700,1.7K,1700,8.6K,8600
m0lnigt,Sandra,83.3K,83300,1.4M,1400000,306.4K,306400,2.7K,2700,934,934
m7_x4,Ù…Ø­Ù…Ø¯ Ø´Ø§ÙŠÙ,2M,2000000,3.4M,3400000,305.6K,305600,2K,2000,1.5K,1500
mac.twinkles,à¸ªà¸²à¸¡à¸µà¹à¸«à¹ˆà¸‡à¸Šà¸²à¸•à¸´,1.3M,1300000,2.8M,2800000,311.9K,311900,497,497,458,458
machikayt,MachikaYT,12.5M,12500000,1.9M,1900000,264.5K,264500,1.3K,1300,301,301
machinegunkelly,Colson,3.6M,3600000,3.9M,3900000,444.7K,444700,3.8K,3800,3K,3000
maddy.leah3,Not me,240.9K,240900,2.9M,2900000,281.9K,281900,6.7K,6700,294,294
maddzak,Maddzak,4.5M,4500000,2.3M,2300000,128.5K,128500,4.4K,4400,109,109
madudepaoli,MaduğŸ’«,1.1M,1100000,7.5M,7500000,723.8K,723800,2.9K,2900,1.4K,1400
mahmoud_xj,Quran Recitation,1.1M,1100000,942.9K,942900,165.1K,165100,2.1K,2100,26.3K,26300
mahmoudalhasanat09,Ù…Ø­Ù…ÙˆØ¯ Ø§Ù„Ø­Ø³Ù†Ø§Øª,6.2M,6200000,2.5M,2500000,314.3K,314300,4.7K,4700,7.7K,7700
maiaknight,Maia Knight,8.6M,8600000,4.8M,4800000,912.3K,912300,2.3K,2300,1.1K,1100
main_and_aseel,Main & Aseel,1.3M,1300000,3M,3000000,178.1K,178100,1.4K,1400,1.1K,1100
maitreyiramakrishnan,maitreyi,4.2M,4200000,2.5M,2500000,484.4K,484400,2K,2000,1.3K,1300
mamamomo2022,MamaMomo.oe,256.4K,256400,1.8M,1800000,149.7K,149700,1.6K,1600,1.5K,1500
mammybanter,Mammy Banter,1.3M,1300000,1.6M,1600000,220.8K,220800,1.7K,1700,6.5K,6500
mandinhasiilvaa,Amanda Silva,214.5K,214500,2.2M,2200000,230.4K,230400,1.8K,1800,1.9K,1900
mandrake1984real,Giuseppe Mandrake Ninno,1.1M,1100000,1.4M,1400000,185.9K,185900,1.4K,1400,7K,7000
manhtienkhoi_,Máº¡nh Tiáº¿n KhÃ´i ğŸ¯,3.5M,3500000,1.6M,1600000,198.4K,198400,2K,2000,961,961
manta_ec,Manta_ec,102.5K,102500,6.1M,6100000,179.6K,179600,1.3K,1300,3.5K,3500
margaritadebarros,Margarita De Barros,75.6K,75600,10.9M,10900000,620.5K,620500,870,870,1.5K,1500
mariabecerra_22,Maria Becerra,6.8M,6800000,3.2M,3200000,528.2K,528200,2.1K,2100,1.2K,1200
marialuciap29,LÃºcia,1.9M,1900000,2M,2000000,434.6K,434600,3.1K,3100,1.6K,1600
marianna_alexandre,Marianna Alexandre,5.8M,5800000,2.1M,2100000,338.7K,338700,1.2K,1200,314,314
marianne.la.mesera,Marianne ğŸ¸,3M,3000000,4.7M,4700000,962.9K,962900,1.3K,1300,684,684
marilynl19,user1692838440296,995.2K,995200,2.8M,2800000,476.5K,476500,5.7K,5700,12.8K,12800
mariolcalderon,Mario Calderon,1.8M,1800000,815.8K,815800,141.1K,141100,3.9K,3900,12.5K,12500
marsaimartin,Marsai,3.4M,3400000,1.6M,1600000,355K,355000,2.5K,2500,1.2K,1200
marshelwidianto,Marshel Widianto,2M,2000000,3M,3000000,208.5K,208500,1.1K,1100,1.3K,1300
marshmellomusic,marshmello,25.7M,25700000,1.8M,1800000,245.8K,245800,1.4K,1400,577,577
marwanwsahar,MarwanwSahar,1.4M,1400000,2.5M,2500000,163.5K,163500,710,710,2.2K,2200
mas_nizar,IG: nizar_abzhr31,5.2M,5200000,1.8M,1800000,322.1K,322100,2.6K,2600,630,630
mateus_hwang,Mateus Hwang,1.9M,1900000,1.9M,1900000,136.8K,136800,5.8K,5800,2.6K,2600
matheusevitoriaofc,Matheus e Vitoria,7.6M,7600000,2.8M,2800000,468.9K,468900,1.4K,1400,1.3K,1300
mativelasco94,Mati Velasco,1.7M,1700000,5.1M,5100000,392.2K,392200,2.2K,2200,622,622
matsudake,M2DK/ãƒãƒ„ãƒ€å®¶ã®æ—¥å¸¸,5.7M,5700000,6.8M,6800000,284.5K,284500,3.3K,3300,1K,1000
matt.larose,Matt Larose,498.8K,498800,2.6M,2600000,371K,371000,910,910,223,223
mattiastanga,Mattia Stanga,2.5M,2500000,1.5M,1500000,240.7K,240700,2.4K,2400,7.7K,7700
mattstonie,Matt Stonie,2.6M,2600000,2.3M,2300000,322.9K,322900,1K,1000,285,285
mattsturniolo,Matt,2.1M,2100000,1.9M,1900000,386.2K,386200,4.8K,4800,938,938
mauoteroo,Mau Otero,4.3M,4300000,3.3M,3300000,349.2K,349200,353,353,345,345
max7424453118,Max Taylor,2.8M,2800000,3.5M,3500000,572.6K,572600,5.2K,5200,9.5K,9500
mayapolarbear,mayapolarbear,5.5M,5500000,1.5M,1500000,154.9K,154900,756,756,8.4K,8400
maymayentrata,maymay,9M,9000000,5.3M,5300000,697.9K,697900,2.9K,2900,2K,2000
mckekell,kekel,3.9M,3900000,1.5M,1500000,154.3K,154300,4.1K,4100,2.5K,2500
mcsilsiloficial,@mcsilsiloficial,6.6M,6600000,1.7M,1700000,134.1K,134100,2.2K,2200,6.3K,6300
mdmotivator,Zachery Dereniowski,9.3M,9300000,5.1M,5100000,930.3K,930300,3.4K,3400,1.4K,1400
meghanandjack,ğŸŒ»Meg and JackğŸŒ»,4.1M,4100000,1.7M,1700000,277.7K,277700,548,548,2.4K,2400
mell_editz0,é¬¼ â€¢ ğ† ğ ğ‰ ğ,480.5K,480500,1.5M,1500000,229.9K,229900,1.5K,1500,1.1K,1100
mellacarli,Mella Carli,2M,2000000,1.8M,1800000,283.7K,283700,1.4K,1400,6K,6000
mementoe,MÃ¡tÃ© MÃ©hÃ©sz,3.6M,3600000,3.4M,3400000,588.5K,588500,4.4K,4400,5.8K,5800
meowbahh,Meowbah!,1.5M,1500000,2.5M,2500000,92.4K,92400,17.2K,17200,2K,2000
meowlife7,meowlife7,1.9M,1900000,3.3M,3300000,399K,399000,1.3K,1300,3.9K,3900
mexicocookingclub,Calixto Serna,10.9M,10900000,1.7M,1700000,221.9K,221900,1.1K,1100,7.1K,7100
miakhalifa,Mia K.,33.6M,33600000,8.6M,8600000,938.7K,938700,2.5K,2500,1.3K,1300
michaelrendyw,Michael Rendy W,6.2M,6200000,4.6M,4600000,324.8K,324800,806,806,746,746
michou_yt,Michou,7M,7000000,1.5M,1500000,272.7K,272700,1.8K,1800,574,574
midnightmood_oficial,Midnight Mood,15M,15000000,1.5M,1500000,145.6K,145600,443,443,5.2K,5200
mieayamthebstt,UnaağŸœ,14.3M,14300000,5.5M,5500000,582.8K,582800,4.5K,4500,2.6K,2600
mikaylanogueira,Mikayla Nogueira,12.8M,12800000,1.9M,1900000,246.7K,246700,1.8K,1800,403,403
miketoks,Miketoks,12.9M,12900000,1.9M,1900000,261.2K,261200,1.1K,1100,654,654
miketyson,Mike Tyson,3.1M,3100000,2.5M,2500000,331.4K,331400,5.8K,5800,1.7K,1700
milliyormlenlaew,MILLI,5.5M,5500000,5.9M,5900000,807.2K,807200,1.5K,1500,1.8K,1800
milos.guzel,Milos,5M,5000000,1.7M,1700000,340.3K,340300,1.1K,1100,612,612
mimiermakeup,Mirta Miler,15.9M,15900000,2.3M,2300000,339K,339000,1.2K,1200,254,254
minami.0819,ğŸ¦„ğŸ’™MINAMIğŸ’™ğŸ¦„,1.4M,1400000,995.2K,995200,114.1K,114100,7.8K,7800,778,778
missionaryjack,Jack Harlow,5.4M,5400000,4.4M,4400000,745.2K,745200,9.1K,9100,9K,9000
mix_151,Mix_151,1.3M,1300000,3.3M,3300000,268.1K,268100,2.9K,2900,4.3K,4300
mmmjoemele,Joe Mele,22.1M,22100000,9.1M,9100000,1.5M,1500000,3.6K,3600,3.4K,3400
mndiaye_97,mndiaye_97,14.8M,14800000,2.8M,2800000,495.3K,495300,3.1K,3100,2.2K,2200
moanabih,A really basic TikTok page,808.2K,808200,2.1M,2100000,647.5K,647500,1.9K,1900,2K,2000
mohaimen.alaa,Ù…Ù‡ÙŠÙ…Ù† Ø¹Ù„Ø§Ø¡,3.5M,3500000,1.5M,1500000,205.3K,205300,1.9K,1900,1.4K,1400
mohanadrafal,Ù…Ù‡Ù†Ø¯ Ø±ÙÙ„familyğŸˆ,994.8K,994800,12.4M,12400000,265.2K,265200,3.4K,3400,8.4K,8400
moneybagyo85,YouTube king von 1,55.1K,55100,4.4M,4400000,216.1K,216100,680,680,244,244
montpantoja,Montpantoja,34M,34000000,5.7M,5700000,931.1K,931100,3.7K,3700,2.4K,2400
morimura,MoriMurağŸ•,7.2M,7200000,3M,3000000,564.6K,564600,2.2K,2200,2.1K,2100
moritabritos,moriiiğŸ–¤,1.2M,1200000,2.7M,2700000,719.4K,719400,4.1K,4100,6.2K,6200
mowgli.j,Mowgli,3M,3000000,1.6M,1600000,282.6K,282600,4.3K,4300,1.6K,1600
mr.benz,Mr. Benz,4.5M,4500000,2.2M,2200000,254.2K,254200,2.1K,2100,2.6K,2600
mrbeast,MrBeast,37.5M,37500000,4.3M,4300000,570.5K,570500,5.8K,5800,1.4K,1400
mrizkybillar,Rizky Billar,5.3M,5300000,3.7M,3700000,334.7K,334700,4.6K,4600,2.8K,2800
mrstiventc1977,MrStivenTc,6.2M,6200000,2.4M,2400000,288.6K,288600,1.9K,1900,979,979
mscathygonzaga,Alex Gonzaga,7.2M,7200000,2.7M,2700000,328.7K,328700,616,616,403,403
mttiwx,Matt-,321.1K,321100,1.6M,1600000,310.1K,310100,3.6K,3600,2.2K,2200
munchy_monk,Louie,897.7K,897700,1.3M,1300000,283.6K,283600,3.9K,3900,1.6K,1600
muslimoffcial0,ğŸ”¥Muslim - Ù…Ø³Ù„Ù…,3M,3000000,2.3M,2300000,256.7K,256700,2.2K,2200,1.1K,1100
mythical_bubbles,Mythical Bubble,133.5K,133500,1.1M,1100000,221.3K,221300,2.8K,2800,2.9K,2900
n0dd,Ø§ÙŠÙ†Ø¹Ù… Ø³Ù„Ø·Ø§Ù†  | SuLTAN,3.8M,3800000,1.6M,1600000,241.3K,241300,3.5K,3500,713,713
nada_m7amed,Ø¯ÙˆØ¯Ø§ğŸ¦¹ğŸ»ğŸ¤,6.2M,6200000,3.5M,3500000,272.2K,272200,2.8K,2800,2.1K,2100
namyulenka,Namy,6.5M,6500000,3M,3000000,467.5K,467500,3K,3000,1.6K,1600
naomineo,Naomi,1.5M,1500000,2.9M,2900000,614.6K,614600,1.3K,1300,1.7K,1700
naomineo,Naomi,1.5M,1500000,2.9M,2900000,614.6K,614600,1.3K,1300,1.7K,1700
nasyakailanazifa,Nasya Kaila Nazifah,2.8M,2800000,4.2M,4200000,173.2K,173200,1.7K,1700,1.1K,1100
nathcampost,NATH CAMPOS,1.7M,1700000,5.6M,5600000,871.8K,871800,1.5K,1500,991,991
nazormaya,Maya Nazor,5M,5000000,5.7M,5700000,538.1K,538100,1.6K,1600,393,393
ndn2307,NgÃ´ ÄÃ¬nh NamğŸ’¦,5.5M,5500000,2.6M,2600000,242.3K,242300,1.4K,1400,172,172
nelkboys,NELKBOYS,4.1M,4100000,3.4M,3400000,314.1K,314100,1.8K,1800,7.3K,7300
nessaabarrett,Ness,18.5M,18500000,9M,9000000,791.2K,791200,3.8K,3800,3K,3000
ngikuttrendaja,Ahmad Rizki,192.8K,192800,3.7M,3700000,304.5K,304500,1.5K,1500,1.2K,1200
ngoc.matcha,Ngá»c Matcha â˜˜ï¸,3.9M,3900000,1.5M,1500000,255.4K,255400,2.4K,2400,723,723
niallmacmillan,Niall MacMillan,3.1M,3100000,2M,2000000,149.7K,149700,886,886,1.8K,1800
nianaguerrero,Niana Guerrero,32.1M,32100000,6.5M,6500000,1.1M,1100000,4.1K,4100,2.6K,2600
nick.digiovanni,nick.digiovanni,8.9M,8900000,2.1M,2100000,300K,300000,750,750,591,591
nickschmiiid,Nick Schmid,769.7K,769700,1.1M,1100000,250.2K,250200,1.3K,1300,2.4K,2400
nickvannsmith,Nick Smith,9.4K,9400,1.2M,1200000,269.8K,269800,2.5K,2500,9.9K,9900
nicocaponecomedy,nicocapone.comedy,21.7M,21700000,13.3M,13300000,720.7K,720700,5.6K,5600,33.2K,33200
nicolecherry,nicolecherry,1.1M,1100000,1.7M,1700000,178.7K,178700,1.4K,1400,5.6K,5600
nicoletv,Kayla Nicole,10.6M,10600000,4.6M,4600000,872.4K,872400,1.7K,1700,2.6K,2600
nicollefigueroaa,Nicolle Figueroa,11M,11000000,6.9M,6900000,889.8K,889800,2.9K,2900,1.4K,1400
nilered,NileRed,9.7M,9700000,2.8M,2800000,456.7K,456700,2.1K,2100,825,825
njr11njr,njr11njr,1.2M,1200000,1.8M,1800000,228.8K,228800,3.8K,3800,2.1K,2100
nmixx_official,NMIXX,1.9M,1900000,1.5M,1500000,378.3K,378300,3.9K,3900,1.5K,1500
noahschnapp,Noah Schnapp,23.7M,23700000,23.6M,23600000,4.9M,4900000,44.2K,44200,16K,16000
nobodysausage,nobody sausage,15.6M,15600000,1.9M,1900000,117.6K,117600,934,934,3.9K,3900
noeldeyzel_bodybuilder,Noel Deyzel,4.7M,4700000,2.3M,2300000,287.9K,287900,1.6K,1600,1.3K,1300
nolaymex,Nolay,54.9K,54900,4.4M,4400000,342.8K,342800,3.5K,3500,8.4K,8400
norinpham_m4,NorinPham,2.2M,2200000,2.7M,2700000,279.5K,279500,3.9K,3900,366,366
nosoychaparro,Luis Chaparro,5.4M,5400000,7.3M,7300000,1.4M,1400000,3.9K,3900,5.2K,5200
nost___,Nost,451K,451000,3.4M,3400000,195K,195000,726,726,902,902
notshanebennett,Shane Bennett,2.1M,2100000,2.7M,2700000,394.5K,394500,1K,1000,1.2K,1200
nubiegriffi,NubieGriffi,130.8K,130800,4.3M,4300000,378.5K,378500,2K,2000,13.3K,13300
nurbolat_football7,nurbolat_football,23.5K,23500,2.2M,2200000,132.8K,132800,2K,2000,4.3K,4300
nurse.johnn,Jc Dela Cruz,1.9M,1900000,2.5M,2500000,272.5K,272500,1.1K,1100,4.1K,4100
nvran_,ğŸ˜º,538.5K,538500,3.4M,3400000,341.4K,341400,1.5K,1500,30.3K,30300
nyx.lynnx,Nyx,202.6K,202600,1.6M,1600000,155.5K,155500,1.8K,1800,1.4K,1400
obj,Odell Beckham Jr.,1.5M,1500000,3.6M,3600000,447.2K,447200,1.6K,1600,2.9K,2900
odintsoov,ĞĞ½Ğ´Ñ€ĞµĞ¹ ĞĞ´Ğ¸Ğ½Ñ†Ğ¾Ğ²,324.3K,324300,1.5M,1500000,370.8K,370800,2.5K,2500,4K,4000
official_kep1er,Kep1er,4.3M,4300000,4M,4000000,805K,805000,6.1K,6100,3.5K,3500
official_nct,NCT Official,8.3M,8300000,1.1M,1100000,296.5K,296500,2.8K,2800,1.3K,1300
official_wayv,WayV Official,3.8M,3800000,702.7K,702700,251.7K,251700,6.2K,6200,1.7K,1700
officialjadenwilliams,Jaden Williams,1.5M,1500000,1.7M,1700000,405K,405000,2K,2000,2.1K,2100
officialsalicerose,Salice Rose,19M,19000000,951.4K,951400,188K,188000,1.6K,1600,2.9K,2900
ogikdp,Zona Ogik | YT MELLO PROJECT,3M,3000000,4.2M,4200000,354.3K,354300,3.6K,3600,966,966
ogulcan,OÄŸulcan AÅŸÄ±koÄŸlu,287.1K,287100,3.3M,3300000,227.9K,227900,1.9K,1900,3.3K,3300
oironyoliveira,Kbuloso ğŸ˜ˆ,6.2M,6200000,1.3M,1300000,89.7K,89700,329,329,7.3K,7300
okjackok,jack,1.1M,1100000,1.4M,1400000,322.3K,322300,875,875,1.1K,1100
oldtimehawkey,Old Time Hawkey,5.8M,5800000,4.6M,4600000,814K,814000,7K,7000,5.2K,5200
oli_natu,Oli Natu,9.1M,9100000,2.8M,2800000,437.9K,437900,777,777,1.1K,1100
olisboa,LISBOA,2.3M,2300000,2.8M,2800000,522.2K,522200,1.2K,1200,1.8K,1800
oliver6060,Queen cheryl ğŸ‘¸,2.8M,2800000,1.6M,1600000,67.1K,67100,6.7K,6700,1.9K,1900
oma_abi_reaktions,Oma Abi ğŸ‘µğŸ»,16.3K,16300,1.4M,1400000,104.7K,104700,2K,2000,4.9K,4900
ongsquad,Ong Squad,8M,8000000,2.7M,2700000,304.8K,304800,1.2K,1200,807,807
onlyjayus,Bella Avila,18M,18000000,1.7M,1700000,291.3K,291300,1.8K,1800,758,758
onwardwanna,WannağŸ¥Š,5.7M,5700000,8.7M,8700000,1.7M,1700000,15.3K,15300,4.4K,4400
oscar_mezar,Oscar Meza,5.7M,5700000,2.6M,2600000,449.4K,449400,1.7K,1700,1.6K,1600
otakoyakisoba,otakoyakisoba,14.8M,14800000,2.1M,2100000,240.1K,240100,966,966,1.4K,1400
outofcontextcontent,"1 , 2 0 0 , 0 0 0 LEGENDS",1.2M,1200000,8.6M,8600000,776.9K,776900,2.3K,2300,9.3K,9300
outtpig,OuttPig,1.9M,1900000,1.7M,1700000,543.8K,543800,2.6K,2600,2.2K,2200
ox_zung,ì›ì •ë§¨ WonJeong,45M,45000000,1.9M,1900000,258.3K,258300,2.3K,2300,564,564
paansih16,gustian_magrib,1.1M,1100000,3.6M,3600000,291.1K,291100,1.4K,1400,31.5K,31500
pablitocastilloo,pablitocastilloo,5.2M,5200000,1.3M,1300000,138.2K,138200,857,857,5.1K,5100
pacodemiguel,Paco De Miguel,6.7M,6700000,771.2K,771200,109.9K,109900,2K,2000,7.3K,7300
pakoyaso_,Pakoyaso,10.6M,10600000,2.8M,2800000,378.2K,378200,1.5K,1500,3K,3000
paloma.cedeno,Paloma CedeÃ±o,578.6K,578600,1.8M,1800000,289.6K,289600,5K,5000,18.8K,18800
pam_a_cake,Pam,4.3M,4300000,2.3M,2300000,390.4K,390400,1.1K,1100,146,146
pamibabyy,pami â™¡,7.2M,7200000,1.7M,1700000,288.9K,288900,679,679,1.3K,1300
papurriyluisito,PapurriYluisito,814K,814000,1.3M,1300000,209.4K,209400,684,684,2.3K,2300
paralympics,paralympics,2.1M,2100000,2.2M,2200000,228.4K,228400,4.3K,4300,2.8K,2800
parishilton,ParisHilton,6.3M,6300000,2.1M,2100000,201.6K,201600,1.7K,1700,1.1K,1100
parkerlocke,Parker Locke,6.4M,6400000,3M,3000000,634.3K,634300,8K,8000,8.5K,8500
patrickrenna,Patrick Renna,2.9M,2900000,3.2M,3200000,248.5K,248500,1.8K,1800,3.5K,3500
paulablanca143,Paula Blanca,58K,58000,2.7M,2700000,145.3K,145300,8.1K,8100,23K,23000
paulo_victormelo2,Paulo Victor Melo,1.7M,1700000,2.9M,2900000,186.7K,186700,706,706,1.5K,1500
paulomuzy,paulomuzy,1.3M,1300000,1.5M,1500000,182.4K,182400,909,909,13.6K,13600
paupelaez_,Êœá´€É´á´‡á´ÉªÊá´€,6M,6000000,2.9M,2900000,496.7K,496700,3.6K,3600,1K,1000
payton,â€œpaytonâ€,15.2M,15200000,1.2M,1200000,241.9K,241900,2.3K,2300,1.3K,1300
paytonking,Payton King,5.2M,5200000,4.9M,4900000,1.1M,1100000,8.7K,8700,10.1K,10100
peaks.100_,Peaks100,1M,1000000,1.6M,1600000,172.3K,172300,1.9K,1900,1.4K,1400
pedro.loc,Pedro Loc,203.6K,203600,2.8M,2800000,384.8K,384800,3K,3000,2.7K,2700
peetmontzingo,Peet Montzingo,10.4M,10400000,2.4M,2400000,266.6K,266600,1.3K,1300,500,500
pegamangaa,Pegamangaa,1.9M,1900000,2M,2000000,242.4K,242400,704,704,1.4K,1400
pepperonimuffin,Kirsten,7.3M,7300000,3.8M,3800000,688.1K,688100,1.4K,1400,524,524
pete_pamana,petepamana,2.7M,2700000,2.9M,2900000,307.2K,307200,1.6K,1600,801,801
phamvinh99,Pháº¡m Vinh,2.7M,2700000,2.8M,2800000,224.8K,224800,1.4K,1400,913,913
phatnail,LÃª Äáº¡i PhÃ¡t ğŸ¥‘,1.3M,1300000,2.9M,2900000,190.9K,190900,2.4K,2400,238,238
phun.anh,PhÃ¹n Anh,3.6M,3600000,3M,3000000,271.6K,271600,2K,2000,735,735
pietro_storti,pietro.storti,400.7K,400700,1M,1000000,141.6K,141600,1.6K,1600,5.8K,5800
piperrockelle,â™¥ï¸Piper Rockelleâ™ ï¸,9.5M,9500000,1.7M,1700000,173.2K,173200,4.3K,4300,389,389
pkllipe,Pk,17.7M,17700000,2.1M,2100000,378.7K,378700,1.7K,1700,2.1K,2100
pollywogcabin,Jake Valois,149.6K,149600,1.4M,1400000,134.6K,134600,664,664,11.8K,11800
polya_tuti,ĞŸĞ¾Ğ»Ñ Ñ‚ÑƒÑ‚ğŸ”¥ğŸ‘‡,2.3M,2300000,3.1M,3100000,250.6K,250600,711,711,730,730
pongamoslo_a_prueba,PongÃ¡moslo a Prueba,34.2M,34200000,11.2M,11200000,1.7M,1700000,4.1K,4100,3.5K,3500
popokbolong,PARHANCUK!,2.6M,2600000,1.5M,1500000,276.9K,276900,1.6K,1600,806,806
posterised,Posterised,4.1M,4100000,10.1M,10100000,1.3M,1300000,3.6K,3600,3.9K,3900
pr4nce,gabriel prince,2.6M,2600000,1.6M,1600000,267.1K,267100,3.5K,3500,2.5K,2500
priimoraa,Prii Moraa,15M,15000000,3M,3000000,525.9K,525900,840,840,880,880
priv_mav,MAV ğŸ¦¦,5.3M,5300000,2.7M,2700000,334K,334000,524,524,686,686
psg,psg,27.9M,27900000,2.6M,2600000,271.5K,271500,1.5K,1500,497,497
pureojuice,NO OPPS OUT ON ALL PLATFORMS,168.3K,168300,1.1M,1100000,186.1K,186100,3.3K,3300,3.7K,3700
qamar_altaey,ğ“†©ğ‘„ğ´ğ‘€ğ´ğ‘…Â¹â¶ğ“†ª,3.2M,3200000,5.8M,5800000,517.2K,517200,12.2K,12200,11.6K,11600
qpark,Q Park,32M,32000000,12.4M,12400000,1.1M,1100000,6.4K,6400,19.1K,19100
queen_paul,â­ï¸ğŸ’„Queen PaulğŸ’„â­ï¸,3.1M,3100000,3.2M,3200000,78.9K,78900,3.1K,3100,950,950
qvos,RupthyğŸ¡ (Roblox),1.9M,1900000,1.5M,1500000,157.1K,157100,4.2K,4200,2.2K,2200
rad.miru,ğŸŒœĞ ĞĞ”ĞœĞ˜Ğ ğŸŒ›,12M,12000000,3.7M,3700000,298.2K,298200,1.1K,1100,294,294
rafaellatuma,Rafaella Tuma,1.2M,1200000,1.5M,1500000,146K,146000,1.4K,1400,12.6K,12600
rafaelsantos,Rafael Santos,17.9M,17900000,2.4M,2400000,548K,548000,2.7K,2700,1.1K,1100
rafifrasyaq,rafif,74.7K,74700,1.6M,1600000,221.8K,221800,1.8K,1800,4.1K,4100
rah_money1,General ock,3.1M,3100000,1.7M,1700000,231.5K,231500,1.5K,1500,1.4K,1400
rakib_hossain_vlogs,Rakib Hossain,1.2M,1200000,1.3M,1300000,139.6K,139600,4.1K,4100,1.1K,1100
ramonvitor,ramonvitor,4.4M,4400000,3.9M,3900000,821.6K,821600,2.9K,2900,1.3K,1300
ratuauliaa22,ratuauliatp,12.6M,12600000,2.5M,2500000,304.1K,304100,1.9K,1900,1K,1000
rawwwash,Mostafa Abo Rawash,1.2M,1200000,7.1M,7100000,370.6K,370600,2.1K,2100,3.7K,3700
rayanfahmi,Rayoon,3.3M,3300000,2.4M,2400000,221.2K,221200,1.2K,1200,921,921
rayssabuq,Rayssa Buq,6.1M,6100000,1.5M,1500000,252.2K,252200,2K,2000,761,761
readyfredi,fredi,2.3M,2300000,7.5M,7500000,1.4M,1400000,19K,19000,32.1K,32100
real_animasinopal,Animasinopal,1.5M,1500000,2.5M,2500000,309.6K,309600,1K,1000,3.1K,3100
realmadrid,Real Madrid C.F.,17.7M,17700000,2.8M,2800000,403.2K,403200,2.6K,2600,2.3K,2300
renpc_,âœ¨Ren PCâœ¨,4.1M,4100000,1.9M,1900000,349.7K,349700,1.8K,1800,6.4K,6400
reyyhaan31,Reyyhaan!,4.4M,4400000,2.8M,2800000,213.5K,213500,1K,1000,409,409
riaricis,Ria Ricis,27.4M,27400000,2.9M,2900000,276.7K,276700,1.1K,1100,1.2K,1200
richcaroline,Caroline Ricke,3.1M,3100000,1.6M,1600000,308.2K,308200,669,669,1.4K,1400
rickylemon99,Ricky Limon,11.6M,11600000,3.5M,3500000,394.8K,394800,549,549,366,366
rita_pubg,Ø±ÙŠØªØ§ Ø§Ù„Ø¹Ø±Ø§Ù‚ÙŠØ©,1.6M,1600000,1.4M,1400000,135.7K,135700,7.5K,7500,1.5K,1500
robert_kelley,Robert Rausch,780.5K,780500,1.4M,1400000,280K,280000,1.4K,1400,2K,2000
roblox,Roblox,8.8M,8800000,1.5M,1500000,239.6K,239600,5.9K,5900,1.5K,1500
rosalia,La Rosalia,20.8M,20800000,3.3M,3300000,445.1K,445100,2.1K,2100,992,992
rubentuestaok,Ruben Tuesta,15.6M,15600000,4.9M,4900000,568.1K,568100,1.4K,1400,4K,4000
rucenuenda1,Ruce Nuenda,1.6M,1600000,2.1M,2100000,332.5K,332500,1.4K,1400,740,740
rug,FaZe Rug,9.1M,9100000,1.7M,1700000,230.5K,230500,1.9K,1900,314,314
rus.alien,Rustam Raziev,7M,7000000,5M,5000000,279.5K,279500,1.2K,1200,233,233
ryanbakery,ğ™ğ™®ğ™–ğ™£ğ˜½ğ™–ğ™ ğ™šğ™§ğ™®,1.5M,1500000,3.5M,3500000,364.5K,364500,4.2K,4200,4.2K,4200
rzy135,RZ......,278.3K,278300,1.1M,1100000,153.9K,153900,1.1K,1100,3.8K,3800
rzy135,RZ......,278.3K,278300,1.1M,1100000,153.9K,153900,1.1K,1100,3.8K,3800
sa_ro01,sarağŸ’œ,5.8M,5800000,4.9M,4900000,385.9K,385900,8.2K,8200,2.3K,2300
saafiir_,Saafiir,3.6M,3600000,3.5M,3500000,143.6K,143600,738,738,789,789
sabrenorris,Sabre Norris,3.1M,3100000,1.7M,1700000,168.4K,168400,9.6K,9600,607,607
sabrinacarpenter,Sabrina Carpenter,12.3M,12300000,2.8M,2800000,502.6K,502600,1.5K,1500,1.1K,1100
sabrinamaria,Sabrina Maria,66K,66000,3.4M,3400000,435.9K,435900,1.7K,1700,752,752
sachiuki,sachi Ë˜Íˆáµ•Ë˜Íˆ,617.4K,617400,866.8K,866800,269.2K,269200,3.9K,3900,2.8K,2800
samanth_a01,Sam,490.5K,490500,1.9M,1900000,247.9K,247900,1.7K,1700,1.1K,1100
samkelly322,Samantha Kelly,2.5M,2500000,2.4M,2400000,423.5K,423500,1.2K,1200,2.1K,2100
sammihanratty,Sammi Hanratty,1.2M,1200000,3.7M,3700000,775.5K,775500,1.6K,1600,1.5K,1500
sammy_dao222,Sammy ÄÃ o,2.6M,2600000,2.2M,2200000,218.7K,218700,4K,4000,1.3K,1300
samseats,Sam Way,9M,9000000,9.6M,9600000,1.1M,1100000,2.3K,2300,2.1K,2100
sarahcothran,Sarah Cothran,3.2M,3200000,1.5M,1500000,276.8K,276800,1.2K,1200,1K,1000
scarlettsspam2,scarlett,2.1M,2100000,17.9M,17900000,845.8K,845800,53.9K,53900,6.3K,6300
scottsreality,Scott ğŸ”¥,37.4M,37400000,4.9M,4900000,139.6K,139600,1K,1000,196,196
scottsreality,Scott ğŸ”¥,37.4M,37400000,4.9M,4900000,139.6K,139600,1K,1000,196,196
scottsreality,Scott ğŸ”¥,37.4M,37400000,4.9M,4900000,139.6K,139600,1K,1000,196,196
secondhandhuns,Verona Farrell,99K,99000,1.8M,1800000,252.5K,252500,1.9K,1900,1.2K,1200
sefo,Sefo,759.8K,759800,3.3M,3300000,283.4K,283400,1K,1000,810,810
selenagomez,Selena Gomez,41.6M,41600000,11.3M,11300000,1.9M,1900000,12K,12000,6.1K,6100
selenaoutdid,â™¡,347.2K,347200,2M,2000000,280.7K,280700,1.5K,1500,1.8K,1800
semiraminta,Yeliz Korkmaz,11.9M,11900000,2.2M,2200000,167.4K,167400,5K,5000,605,605
sergioramos,Sergio Ramos,10.2M,10200000,1.6M,1600000,192.7K,192700,4.8K,4800,342,342
seventeen17_official,SEVENTEEN,5M,5000000,3.4M,3400000,748.6K,748600,10.3K,10300,9.4K,9400
shadisrour,Shadi Srour,1.9M,1900000,3.1M,3100000,290.3K,290300,4.1K,4100,2.7K,2700
shahab_vid1,Ø­Ø³Ø§Ø¨ Ø§Ù„Ø±Ø³Ù…ÙŠ Ø´Ù‡Ø§Ø¨ Ù…Ù„Ø­,3M,3000000,3.7M,3700000,62.4K,62400,2.6K,2600,1.9K,1900
shakira,Shakira,23.9M,23900000,6.3M,6300000,407.3K,407300,1.6K,1600,508,508
shanjid_hasan,ğŸ”¥Shanjid HasanğŸ”¥,4.6M,4600000,2.2M,2200000,233.7K,233700,1.1K,1100,879,879
shanti_rehman,shanti rehmanğŸ‡§ğŸ‡©,290.3K,290300,3.7M,3700000,245.1K,245100,2K,2000,2.2K,2200
sharl_crb,sharl,1.8M,1800000,2.1M,2100000,365.7K,365700,1.3K,1300,516,516
shayvise,Shayvise,2.9M,2900000,2.1M,2100000,376K,376000,861,861,282,282
shenacinnamon,Shenina Cinnamon,530.6K,530600,2.5M,2500000,237.7K,237700,798,798,559,559
sherifkhalid,sherif khalid ğŸ™,9.8M,9800000,1.3M,1300000,154.6K,154600,2K,2000,2.3K,2300
shlatfish,Shlatfish,3.8M,3800000,1.8M,1800000,250.1K,250100,3.9K,3900,2.6K,2600
shxtsngigs,ShxtsNGigs Podcast,4M,4000000,6M,6000000,1.2M,1200000,2.4K,2400,13.1K,13100
sibenitoo,SiBenitoo,5.1M,5100000,1.7M,1700000,147.8K,147800,2K,2000,1.2K,1200
sidetalknyc,Sidetalk,3.7M,3700000,1.6M,1600000,222.1K,222100,897,897,3.8K,3800
simp4me.de,Soffi,17.3K,17300,1.4M,1400000,202.5K,202500,2.2K,2200,6.4K,6400
siscakohl,Sisca Kohl,12M,12000000,11.2M,11200000,1.4M,1400000,15K,15000,5.2K,5200
sjbleau,SJ,12.9M,12900000,2.5M,2500000,372.2K,372200,979,979,576,576
skaijackson,Skai Jackson ğŸ¥°,19.9M,19900000,2M,2000000,393.3K,393300,1.5K,1500,601,601
skillerhomei,Football âš½ï¸ SkillerHome,1.9M,1900000,1.9M,1900000,329.7K,329700,3.8K,3800,4.8K,4800
slimjim,Slim Jim,2.7M,2700000,1.8M,1800000,137K,137000,22.7K,22700,190,190
snauzk,snauzk,4.3M,4300000,897K,897000,225.6K,225600,1.9K,1900,3.6K,3600
snoopdogg,Snoop Dogg,21.4M,21400000,4.3M,4300000,362.3K,362300,4.7K,4700,1.8K,1800
sofiaespanha,sofia espanha,3.7M,3700000,2.6M,2600000,437.2K,437200,2.8K,2800,688,688
softbulletgun97,Tik Toker,1.3M,1300000,2.3M,2300000,188.3K,188300,2.2K,2200,4.1K,4100
somosnoveleiros,ğ—·ğ˜‚ğ—¹ğ—¶ğ—¼,1.1M,1100000,1.5M,1500000,287.8K,287800,1.7K,1700,537,537
soojinicoreana,Chingu Amiga,18.6M,18600000,9M,9000000,1.4M,1400000,4.3K,4300,1.1K,1100
soupytime,georgie,5.1M,5100000,1.3M,1300000,282.5K,282500,2.1K,2100,794,794
soydekko,Soydekko,6.9M,6900000,2.1M,2100000,307.8K,307800,2K,2000,304,304
soyminisech,ğŸ»ğŸ»SECHITOğŸ»ğŸ»,731.6K,731600,5.7M,5700000,360.7K,360700,1.5K,1500,5.7K,5700
soysaucer,fivar,563K,563000,5.9M,5900000,851.1K,851100,2.7K,2700,14.4K,14400
soysuco,soysuco,11.4M,11400000,4.8M,4800000,628.1K,628100,14.5K,14500,1.7K,1700
soysuco_ff,Suco Ismael,3.7M,3700000,3.4M,3400000,430.5K,430500,6.6K,6600,981,981
spencer_serafica,Xspencer,12.9M,12900000,3.2M,3200000,562.2K,562200,3.1K,3100,2.6K,2600
spents,Spence,1.7M,1700000,1.2M,1200000,255.3K,255300,1.2K,1200,1.5K,1500
spicyycam_,Spice King,19.1M,19100000,1.8M,1800000,214.8K,214800,1.9K,1900,139,139
stayc_official,STAYC,1.4M,1400000,706.2K,706200,229.9K,229900,5.4K,5400,1.4K,1400
stellajero16,Vester Ajero,1.3M,1300000,861.9K,861900,185.3K,185300,9.3K,9300,970,970
stephenamell,Stephen Amell,1.6M,1600000,1.2M,1200000,206.5K,206500,2.1K,2100,2.7K,2700
stevang08,stevang08,251.1K,251100,2.2M,2200000,293K,293000,2.1K,2100,23.3K,23300
steveioe,Steveioe,10.9M,10900000,1.4M,1400000,254K,254000,888,888,1.5K,1500
story_7647,ğ•¾ğ–™ğ–”ğ–—ğ–,571.1K,571100,1.6M,1600000,316.5K,316500,358,358,6.1K,6100
straange_56guuuuy,aikihoruus?,5.9K,5900,1.5M,1500000,276.6K,276600,2.2K,2200,10.8K,10800
strangehumano,strangehuman,9.2M,9200000,4.6M,4600000,656.7K,656700,2.2K,2200,1.6K,1600
straykids_japan,straykids_japan,7.6M,7600000,849.6K,849600,255.3K,255300,6.7K,6700,4.7K,4700
subwaysurfersofficial,Subway Surfers,4.3M,4300000,4.2M,4200000,677.1K,677100,8.4K,8400,963,963
sucss.s,AÃ§ucena Guirra,10.7M,10700000,2.7M,2700000,608.5K,608500,2.8K,2800,649,649
supadupahumble,@supadupahumble,2.2M,2200000,2.7M,2700000,540.3K,540300,1.7K,1700,6.9K,6900
surfinsafari,Surfin Safari,105.7K,105700,2M,2000000,221.1K,221100,1.4K,1400,1.7K,1700
susymourizz,ğŸ©Susy MourizğŸ©,7.2M,7200000,2M,2000000,229.3K,229300,2.7K,2700,1.3K,1300
swaggyj.enny,tg,546.3K,546300,1.5M,1500000,316.2K,316200,1.6K,1600,1.2K,1200
tai.tl2,tai_tl,396.9K,396900,1.2M,1200000,212.4K,212400,1.7K,1700,3.3K,3300
talalionaire,Ø·Ù„Ø§Ù„ÙŠÙˆÙ†ÙŠØ±,593K,593000,5.6M,5600000,404.1K,404100,10.9K,10900,8.1K,8100
talfishman,Tal Fishman,2.2M,2200000,1.6M,1600000,206.5K,206500,1.5K,1500,837,837
tangmokoko,à¹à¸•à¸‡à¹‚à¸¡ à¹‚à¸à¹‚à¸à¹‰à¸›à¸±à¹ˆà¸™,901.5K,901500,3M,3000000,191.4K,191400,1.6K,1600,467,467
tannertan36,tan,689.8K,689800,926.2K,926200,249.3K,249300,1.9K,1900,3.6K,3600
taylorfrankiepaul,Taylor Paul,3.6M,3600000,3.5M,3500000,155.7K,155700,1.2K,1200,443,443
teddyteclebrhan,TeddyTeclebrhan,863.2K,863200,1.2M,1200000,140.5K,140500,585,585,4K,4000
terryreloaded,Terry Reloaded,5.9M,5900000,4.7M,4700000,946.9K,946900,7.1K,7100,13.2K,13200
tessteur,Tess Teur,83.4K,83400,940.8K,940800,81.9K,81900,704,704,10.8K,10800
teukuryantr,teukuryantr,3.7M,3700000,2.2M,2200000,215.9K,215900,1.4K,1400,1.6K,1600
texasboi78,Casey,21.4K,21400,1.4M,1400000,89K,89000,900,900,19K,19000
thallyssonsb,Thallysson Borges,9.6M,9600000,2.6M,2600000,388.8K,388800,4.2K,4200,6K,6000
thanhyvo,ğŸŒ¹â¤ï¸ThÃ nh Ã½ vÃµ â¤ï¸ğŸŒ¹,11.5M,11500000,3.9M,3900000,245.1K,245100,1.1K,1100,202,202
thatlittlepuff,ThatLittlePuff,28.6M,28600000,4.6M,4600000,476.5K,476500,916,916,1.2K,1200
thaybeou40,Tháº§y Beo U40,4.1M,4100000,4.1M,4100000,363.6K,363600,2K,2000,290,290
the.historical,History Footage,201.5K,201500,2.9M,2900000,346.2K,346200,4.8K,4800,5.1K,5100
theandrewschulz,Andrew Schulz,3.5M,3500000,2.6M,2600000,474.1K,474100,2.7K,2700,11.8K,11800
thebenjishow,benji,5.7M,5700000,1.8M,1800000,274.1K,274100,1.1K,1100,1.5K,1500
thebosswives,The Boss Wives,1.1M,1100000,2.2M,2200000,206.2K,206200,808,808,4.2K,4200
thecoreyb,Corey B,8.7M,8700000,905.9K,905900,141.4K,141400,808,808,5.6K,5600
theevaelfie,Eva Elfie,4.1M,4100000,1.6M,1600000,194.1K,194100,3.5K,3500,1.2K,1200
thegervaisshrine,Ricky Gervaisâ€™ Best Bits,135.3K,135300,2.3M,2300000,232.9K,232900,1.2K,1200,3.7K,3700
thehealchef,Harry Heal,2M,2000000,2.5M,2500000,374.5K,374500,3K,3000,2.7K,2700
thekapelariz,The Kapelari Family,1.4M,1400000,1.8M,1800000,255.9K,255900,1.5K,1500,741,741
thekauczuk,Kauczuk,644.9K,644900,2.4M,2400000,205.1K,205100,2K,2000,358,358
thekidlaroi,The Kid LAROI.,3.1M,3100000,3.5M,3500000,448.5K,448500,3.6K,3600,3.1K,3100
thelondoncharles,London Charles,5.9M,5900000,2.7M,2700000,637.4K,637400,2.4K,2400,2.2K,2200
themysteriouschef,TheMysteriousChef,4.7M,4700000,1.9M,1900000,187.8K,187800,1.1K,1100,1.2K,1200
theovon,Theo Von,2.1M,2100000,1.4M,1400000,127.3K,127300,1.3K,1300,12.3K,12300
therealhammytv,TheRealHammyTV,14.8M,14800000,6.4M,6400000,322.5K,322500,2.1K,2100,17.3K,17300
therealmaneskin,MÃ¥neskin,5.7M,5700000,2.9M,2900000,339.8K,339800,1.6K,1600,974,974
therock,The Rock,53.1M,53100000,2.7M,2700000,422.7K,422700,5.9K,5900,2.9K,2900
thestradman,TheStradman,3.2M,3200000,4M,4000000,587.8K,587800,7.4K,7400,2.4K,2400
thesupercole,Cole LaBrant,21.9M,21900000,8M,8000000,848.8K,848800,3.3K,3300,2.1K,2100
thethai.14,THAIFT,445.2K,445200,2.9M,2900000,182.4K,182400,1.1K,1100,841,841
thethinktok,The Think Tok,666.1K,666100,1.7M,1700000,152.1K,152100,1.9K,1900,7.1K,7100
thiagobarrosoficial,Thiago Barros,3.6M,3600000,2M,2000000,223.7K,223700,901,901,950,950
thiagobarrosoficial,Thiago Barros,3.6M,3600000,2M,2000000,223.7K,223700,901,901,950,950
thinfrog,frog army tiktokğŸ˜ˆğŸ¸ğŸ’ª,1.5M,1500000,2.3M,2300000,204.3K,204300,1.4K,1400,863,863
thinhung99,Thá»‹ Nhung,6.2M,6200000,2.6M,2600000,295.7K,295700,4.6K,4600,965,965
thiskasai,Thiskasai,884K,884000,1.5M,1500000,272.5K,272500,1.7K,1700,6.7K,6700
tiahranelson,Tâœ¨,4.4M,4400000,890K,890000,260.8K,260800,4.1K,4100,2.9K,2900
tifannylm,âš¡ï¸TEF,8.3M,8300000,4M,4000000,451.2K,451200,1.3K,1300,517,517
tik_tok_bhadie,grantbeans,1.6M,1600000,4.6M,4600000,1.2M,1200000,4.1K,4100,6.6K,6600
tiktokchavs_,THETIKTOKCHAVS,1.4M,1400000,1.2M,1200000,203.5K,203500,1.3K,1300,2.4K,2400
tmaai_,20th6.,91.8K,91800,1.3M,1300000,170.9K,170900,638,638,4.4K,4400
tombrady,Tom Brady,4.2M,4200000,5.5M,5500000,551.6K,551600,4.5K,4500,6.9K,6900
tomjamesr,Tom Riggott,77.1K,77100,2.2M,2200000,298.7K,298700,1.1K,1100,956,956
tommyinnit,Tommy,11.5M,11500000,1.3M,1300000,366.3K,366300,5.4K,5400,1.1K,1100
tonylopez,Tony Lopez,23.1M,23100000,2.1M,2100000,252K,252000,1.3K,1300,460,460
tooturnttony,Tooturnttony,17M,17000000,4.1M,4100000,494.3K,494300,4.4K,4400,1.3K,1300
trainee_a,Trainee A,3.1M,3100000,1M,1000000,280.2K,280200,3K,3000,2.5K,2500
trashywashyy,Rach,3.6M,3600000,3.8M,3800000,288.9K,288900,1.1K,1100,355,355
trevorwallace,trevor wallace,8M,8000000,2.8M,2800000,269.4K,269400,673,673,7.6K,7600
tsezy,Tommy,4.8M,4800000,2M,2000000,253.5K,253500,1.9K,1900,735,735
tsonghanwu,Tsong Han Wu Velasquez,6.4M,6400000,2.2M,2200000,358K,358000,652,652,932,932
tuananh_villa699,ğŸ”¥Tuáº¥n AnhğŸ”¥,1.9M,1900000,1.7M,1700000,251.2K,251200,3.8K,3800,1.1K,1100
tuankiet.2000,Kiá»‡t HÃ  Tá»‹nh,3.4M,3400000,2.2M,2200000,258.4K,258400,1.3K,1300,386,386
tulio_sasaya,tulio sasaya,468.5K,468500,1.6M,1600000,366.9K,366900,2.1K,2100,1.5K,1500
tunico80,ğŸŒ Antonio TononğŸŒ ,6.7M,6700000,1.8M,1800000,297.8K,297800,1.8K,1800,1.8K,1800
turquoise.dec,turks<3,469.4K,469400,1.4M,1400000,302.8K,302800,1.2K,1200,1.3K,1300
tuvok12,Tuvok12,12.7M,12700000,9.3M,9300000,1.3M,1300000,1.1K,1100,1K,1000
twice_tiktok_official,TWICE,15.9M,15900000,4.9M,4900000,1.3M,1300000,21.8K,21800,12.8K,12800
txt.bighitent,TOMORROW X TOGETHER,17.3M,17300000,4.2M,4200000,1.3M,1300000,21.4K,21400,7.8K,7800
ty.funnyfunny,Ty.funnyfunny,237.7K,237700,1.2M,1200000,240.9K,240900,5K,5000,14.9K,14900
unboxing.id,unboxing.id,100K,100000,2.1M,2100000,203.9K,203900,1.3K,1300,643,643
unlabeled_,Paula ğŸ„,1.2M,1200000,3.3M,3300000,610.5K,610500,1.7K,1700,648,648
unlap1n,ELL/BILL,124.2K,124200,803.5K,803500,263.2K,263200,2K,2000,2.5K,2500
unreal_keanu,Unreal Keanu Reeves,3.7M,3700000,1.8M,1800000,187.9K,187900,6.4K,6400,2K,2000
usso96,Usso96,7M,7000000,4M,4000000,303.1K,303100,889,889,1.8K,1800
ustazebitlew,Ebit Lew,3.3M,3300000,2.4M,2400000,195.2K,195200,3.6K,3600,2.4K,2400
valuza.z,Valentina Zenere,1.9M,1900000,2.1M,2100000,365.7K,365700,1.3K,1300,748,748
vancityreynolds,Ryan Reynolds,20.1M,20100000,3.8M,3800000,973.5K,973500,3.4K,3400,2.5K,2500
vanessalopesr,Vanessa Lopes,23.3M,23300000,3.9M,3900000,387.9K,387900,3.2K,3200,1.8K,1800
vanrezaputra,Elaina,320.1K,320100,1.9M,1900000,163.3K,163300,2.3K,2300,1.8K,1800
vasif.yahyayev95,RASHEL KOLANECÄ°,1.6M,1600000,2.3M,2300000,117.9K,117900,1K,1000,1.9K,1900
veganpastrychef,Gracie,2M,2000000,2.5M,2500000,380.5K,380500,2.1K,2100,4.1K,4100
veliaveve_,Velia,2.5M,2500000,2.1M,2100000,361.3K,361300,1.4K,1400,337,337
venao2323,YANFRY EL TIERNOğŸ™ˆ,4.5M,4500000,1.8M,1800000,175.7K,175700,1.2K,1200,1.9K,1900
vhackerr,Vinnie,14.4M,14400000,3.7M,3700000,737.6K,737600,9.6K,9600,5.3K,5300
vibin.wit.tay,Tay,3.7M,3700000,2.8M,2800000,652K,652000,2.9K,2900,12.4K,12400
victormelo,Victor Melo,20.9M,20900000,5.1M,5100000,745.1K,745100,4.1K,4100,5.2K,5200
videomusic.oficial,Videomusic,2M,2000000,1.5M,1500000,140K,140000,284,284,5.5K,5500
vidhia_r,Vidhi_R,6.7M,6700000,3.2M,3200000,382.9K,382900,4.7K,4700,3.9K,3900
vienvibi_899,ViÃªn Vibi,6.7M,6700000,3.2M,3200000,330.6K,330600,1.3K,1300,285,285
vietphuongthoa98,Viá»‡t PhÆ°Æ¡ng Thoa,11M,11000000,3.7M,3700000,426.6K,426600,1.8K,1800,387,387
viki_tory88,Ğ’Ğ¸ĞºĞ° & Ğ–ĞµĞ½Ñ,310.6K,310600,1.9M,1900000,48.8K,48800,208,208,12.9K,12900
viliacarl,Vilia Carl,3.2M,3200000,3.1M,3100000,281.5K,281500,785,785,1.2K,1200
vilmeijuga,VILMEIâœ¨,13.3M,13300000,3.2M,3200000,321.6K,321600,3.6K,3600,1.9K,1900
vinhtech.review,VINHTECH REVIEW,753K,753000,4.2M,4200000,225.6K,225600,3K,3000,1.1K,1100
viralatacaramelo,vira-lata caramelo,1.5M,1500000,2.1M,2100000,526.3K,526300,4.9K,4900,1.7K,1700
virginiafonseca,Virginia,32.5M,32500000,4.3M,4300000,495.1K,495100,2.3K,2300,946,946
vitoou,vitoâ€¢_â€¢,52.4K,52400,1M,1000000,179.3K,179300,3.3K,3300,10.9K,10900
vzelivx,vzelivx,731.3K,731300,2.1M,2100000,271.2K,271200,2.6K,2600,1.3K,1300
wawazainal92,WAWA ZAINAL,116.7K,116700,1.7M,1700000,216.1K,216100,3.9K,3900,2.6K,2600
wessamq,wessamq,5.2M,5200000,8.3M,8300000,860.9K,860900,4.7K,4700,6.2K,6200
wigofellas,wigofellas,33.3M,33300000,3.2M,3200000,163.5K,163500,606,606,1.3K,1300
williamlast_krm,William Last KRM,4.6M,4600000,2M,2000000,210.6K,210600,2.9K,2900,2.4K,2400
williesalim,WILLIE SALIM,13.3M,13300000,4.3M,4300000,260.8K,260800,6K,6000,1.8K,1800
wisdm8,Wisdom Kaye,8.2M,8200000,1.4M,1400000,277.5K,277500,2.6K,2600,1.6K,1600
wuesilva,Wue Silva,12.5M,12500000,1.9M,1900000,236.4K,236400,1.6K,1600,1.6K,1600
xtnam1,Lee,2M,2000000,1.3M,1300000,352.8K,352800,1.5K,1500,1.2K,1200
xxlechuga,Daniel Lechuga,4.1M,4100000,1.2M,1200000,293.1K,293100,1.3K,1300,2K,2000
xxxten1369,XXXTENTACION,3.7M,3700000,2.8M,2800000,335.1K,335100,1K,1000,1.8K,1800
yahia_x,ÙŠØ­ÙŠÙ‰ Ø§Ù„Ø²Ø¹Ø¨ÙŠ,2.2M,2200000,4M,4000000,189.9K,189900,1K,1000,3.1K,3100
yasincengiz38,YasinCengiz,1.5M,1500000,5.3M,5300000,141.5K,141500,433,433,4.5K,4500
yescyrille,Yescyrille,3M,3000000,3M,3000000,196.5K,196500,967,967,2.2K,2200
yesimresmi1,~YEÅÄ°M,16.6M,16600000,3.3M,3300000,223.4K,223400,1.5K,1500,850,850
yg_treasure_tiktok,yg_treasure_official,4.2M,4200000,2.3M,2300000,645.4K,645400,10.2K,10200,6.2K,6200
ygnazz,NAS,1.5M,1500000,1.2M,1200000,214.8K,214800,1.6K,1600,2.6K,2600
yizaroff,YIZARO,4.9M,4900000,1.8M,1800000,252.2K,252200,2.9K,2900,551,551
yk_osiris,YK Osiris,1.9M,1900000,3M,3000000,373.6K,373600,4K,4000,6.3K,6300
yogaarizona,Yoga Arizona,1M,1000000,3.7M,3700000,352.7K,352700,1.8K,1800,1.9K,1900
yucholoco,Sintya Marisca,2.2M,2200000,2M,2000000,226.2K,226200,6.8K,6800,3.9K,3900
yunggravy,Yung Gravy ğŸ¯,3.8M,3800000,2.8M,2800000,431.9K,431900,2.7K,2700,3K,3000
yurielkysojeda,Yurielkys Ojeda,13.7M,13700000,2M,2000000,293.7K,293700,1.3K,1300,515,515
yzn47,ÙŠØ²Ù† Ø§Ù„Ø£Ø³Ù…Ø±,6.1M,6100000,13.1M,13100000,555.5K,555500,3.6K,3600,20.1K,20100
zachking,Zach King,68.8M,68800000,3.5M,3500000,394.4K,394400,1.4K,1400,650,650
zakuryyy,ZAK,423.5K,423500,2.6M,2600000,359.3K,359300,1.9K,1900,5K,5000
zappingtv.it,ZappingTv.it,146.2K,146200,2.3M,2300000,150K,150000,426,426,2K,2000
zara,ZARA,2.6M,2600000,6.2M,6200000,235.5K,235500,786,786,399,399
zeinabharake,Zeinab Harake,13.5M,13500000,2.6M,2600000,399.2K,399200,1.5K,1500,637,637
zeth,Zeth,12.5M,12500000,6.7M,6700000,1.3M,1300000,3K,3000,7.7K,7700
zodiac.boyfriend,Zodiac BoyfriendğŸªğŸ”®,1.8M,1800000,1.9M,1900000,272.7K,272700,6.8K,6800,3.6K,3600
zowloficial,Lord Zowl,1.1M,1100000,1.4M,1400000,178.1K,178100,1.4K,1400,2.1K,2100
zrt.foot,ZR7,100.8K,100800,2.3M,2300000,218K,218000,1.7K,1700,6.4K,6400
zubarefff,Ğ—ÑƒĞ±Ğ°Ñ€ĞµĞ² ĞĞ»ĞµĞºÑĞ°Ğ½Ğ´Ñ€,4M,4000000,1.9M,1900000,249K,249000,1.3K,1300,1.6K,1600